id,city_or_regency,year,total_area (km2),population,densities,traffic_density,green_open_space,hdi,gross_regional_domestic_product,total_landfills,solid_waste_generated,happiness_score
11012022,Simeulue,2022,"1,838.09","94,876",51.62,Low,0.12,67.27,"2,688",1,"1,628.09",72.37
11032022,Aceh Selatan,2022,"4,173.82","237,376",56.87,Low,,67.87,"6,447",1,"3,521.77",72.54
11042022,Aceh Tenggara,2022,"4,242.04","228,308",53.82,Low,,70.32,"5,829",1,"3,333.30",72.38
11062022,Aceh Tengah,2022,"4,527.53","222,673",49.18,Low,1.11,73.95,"8,873",1,,71.38
11072022,Aceh Barat,2022,"2,927.95","202,858",69.28,Low,0.01,72.34,"12,730",1,"3,702.16",72.36
11082022,Aceh Besar,2022,"2,903.50","414,490",142.76,Low,,74,"15,457",,,72.91
11102022,Bireuen,2022,"1,798.00","443,874",246.87,Low,0.00,73.16,"15,470",,,73.03
11112022,Aceh Utara,2022,"3,296.86","614,640",186.43,Low,0.05,70.22,"28,310",,,70.79
11122022,Aceh Barat Daya,2022,"1,882.05","155,046",82.38,Low,0.71,67.41,"4,546",1,"2,834.81",71.79
11132022,Gayo Lues,2022,"5,549.91","103,131",18.58,Low,79.65,68.25,"3,077",1,"1,498.60",71.92
11142022,Aceh Tamiang,2022,"1,957.02","301,492",154.06,Low,0.04,70.43,"10,433",1,"4,406.28",72.63
11152022,Nagan Raya,2022,"3,544.90","173,393",48.91,Low,,70.1,"10,635",1,"2,531.54",76.15
11162022,Aceh Jaya,2022,"3,727.00","96,028",25.77,Low,0.82,70.36,"3,122",2,"1,723.13",72.21
11172022,Bener Meriah,2022,"1,941.60","168,690",86.88,Low,0.00,73.9,"5,476",1,"2,408.47",74.78
11712022,City of Banda Aceh,2022,59.02,"257,635",4365.22,Medium,8.43,86.28,"21,561",2,"9,205.59",73.76
11722022,City of Sabang,2022,122.13,"43,208",353.79,Low,,76.85,"1,643",1,630.84,70.92
11732022,City of Langsa,2022,239.83,"192,630",803.19,Low,75.13,77.82,"6,263",1,"3,447.02",72.96
11742022,City of Lhokseumawe,2022,181.00,"191,396",1057.44,Low,,78.04,"10,278",,,70.69
12012022,Nias,2022,853.44,"149,249",174.88,Low,,63.69,"4,536",1,"2,127.24",71.09
12022022,Mandailing Natal,2022,"6,620.70","484,874",73.24,Low,,68.05,"16,404",,,71.33
12032022,Tapanuli Selatan,2022,"4,355.35","307,312",70.56,Low,"3,300.75",70.92,"17,052",1,,71.41
12042022,Tapanuli Tengah,2022,"2,194.98","374,734",170.72,Low,0.00,70.31,"11,635",1,"6,739.73",71.12
12062022,Toba Samosir,2022,"2,022.00","212,133",104.91,Low,,75.96,"8,944",2,"3,505.90",71.35
12072022,Labuhan Batu,2022,"2,561.38","508,024",198.34,Low,,72.92,"41,809",,,71.09
12092022,Simalungun,2022,"4,372.50","1,021,615",233.65,Low,,73.77,"47,286",1,"18,644.47",69.83
12102022,Dairi,2022,"1,927.80","315,460",163.64,Low,,72.56,"10,717",,,70.68
12132022,Langkat,2022,"6,273.29","1,039,926",165.77,Low,,71.86,"51,413",4,"19,032.38",71.1
12142022,Nias Selatan,2022,"2,487.99","373,674",150.19,Low,,63.17,"8,015",,,71.01
12152022,Humbang Hasundutan,2022,"2,297.20","202,299",88.06,Low,,70.32,"6,919",1,"2,165.37",70.04
12172022,Samosir,2022,"1,444.25","139,337",96.48,Low,,71.67,"5,166",,,70.82
12182022,Serdang Bedagai,2022,"1,900.22","667,998",351.54,Low,,71.21,"33,518",,,70.89
12192022,Batu Bara,2022,904.96,"416,367",460.09,Low,,69.51,"40,867",,,71.03
12202022,Padang Lawas Utara,2022,"3,945.56","267,275",67.74,Low,,70.93,"14,375",,,71.24
12232022,Labuhan Batu Utara,2022,"3,545.80","390,954",110.26,Low,,72.77,"30,282",,,71.18
12252022,Nias Barat,2022,520.34,"91,346",175.55,Low,,62.93,"2,173",,,70.88
12712022,City of Sibolga,2022,10.77,"90,366",8390.53,Medium,0.01,74.74,"6,340",,,70.96
12722022,City of Tanjung Balai,2022,60.52,"179,748",2970.06,Medium,0.04,69.86,"10,466",,,71.13
12742022,City of Tebing Tinggi,2022,38.96,"177,785",4563.27,Medium,4.76,76.17,"6,931",1,"4,548.82",70.9
12752022,City of Medan,2022,265.10,"2,494,512",9409.70,Medium,26.51,81.76,"280,159",1,"62,874.92",70.91
12772022,City of Padangsidimpuan,2022,159.30,"231,062",1450.48,Low,,76.05,"7,385",1,"5,906.60",71.19
12782022,City of Gunungsitoli,2022,469.40,"137,583",293.10,Low,,70.23,"6,477",,,70.94
13012022,Kepulauan Mentawai,2022,"6,033.76","89,401",14.82,Low,,62.19,"5,446",,,71.07
13022022,Pesisir Selatan,2022,"1,938.79","516,518",266.41,Low,600.19,70.84,"16,606",1,"5,580.32",71.26
13032022,Solok,2022,"3,738.00","397,829",106.43,Low,0.39,70.02,"15,781",1,"5,755.86",71.24
13042022,Sijunjung,2022,"3,130.80","240,317",76.76,Low,0.04,68.69,"10,669",1,"3,551.39",69.86
13052022,Tanah Datar,2022,"1,336.00","376,276",281.64,Low,0.12,73.29,"15,059",1,"4,705.73",72.1
13062022,Padang Pariaman,2022,"1,343.09","436,129",324.72,Low,0.00,71.63,"22,193",1,"7,959.35",71.05
13082022,Lima Puluh Kota,2022,"3,354.00","388,375",115.79,Low,0.23,70.28,"17,901",1,"5,595.48",71.14
13092022,Pasaman,2022,"3,947.63","307,425",77.88,Low,7.98,67.41,"10,391",1,"4,425.30",70.82
13112022,Dharmasraya,2022,"2,961.00","234,713",79.27,Low,0.02,72.3,"12,233",1,"3,783.11",70.99
13122022,Pasaman Barat,2022,"3,887.77","442,479",113.81,Low,0.11,69.57,"17,876",1,"6,387.68",70.84
13712022,City of Padang,2022,694.96,"919,145",1322.59,Low,142.27,83.29,"72,979",1,"23,497.31",71.36
13732022,City of Sawah Lunto,2022,273.50,"66,413",242.83,Low,0.34,73.73,"4,390",1,688.26,70.85
13742022,City of Padang Panjang,2022,23.00,"57,850",2515.22,Medium,1.34,78.78,"4,087",1,"1,786.51",71.23
13752022,City of Bukittinggi,2022,25.24,"122,311",4845.92,Medium,1.29,81.42,"10,194",1,"4,570.75",71.25
13772022,City of Pariaman,2022,73.36,"96,719",1318.42,Low,0.54,77.65,"5,882",1,"1,396.34",71.28
14012022,Kuantan Singingi,2022,"7,656.03","345,850",45.17,Low,624.39,71.09,"44,910",1,"5,080.06",68.69
14022022,Indragiri Hulu,2022,"8,198.71","464,076",56.60,Low,,70.46,"54,185",1,"6,617.32",71.9
14032022,Indragiri Hilir,2022,"12,614.78","660,747",52.38,Low,0.02,67.37,"83,164",,,72.43
14052022,Siak,2022,"8,556.09","477,550",55.81,Low,1.41,74.5,"106,995",4,"6,813.57",73.78
14062022,Kampar,2022,"11,289.28","878,210",77.79,Low,,73.84,"103,550",,,70.76
14072022,Rokan Hulu,2022,"7,588.13","582,679",76.79,Low,0.40,70.31,"49,614",2,"13,261.38",71.7
14082022,Bengkalis,2022,514.00,"582,973",1134.19,Low,0.56,74.38,"175,972",4,,73.92
14102022,Kepulauan Meranti,2022,"3,708.00","213,532",57.59,Low,0.01,66.52,"24,896",,,72.8
14712022,City of Pekanbaru,2022,632.30,"1,007,540",1593.45,Low,68.06,82.06,"144,559",1,"35,650.33",71.42
14732022,City of Dumai,2022,"1,727.00","331,832",192.14,Low,0.26,75.26,"45,053",1,"6,055.93",72.44
15012022,Kerinci,2022,"3,807.00","253,900",66.69,Low,,71.99,"12,226",,,76.11
15042022,Batang Hari,2022,"4,179.70","313,200",74.93,Low,0.12,70.51,"24,304",,,75.15
15052022,Muaro Jambi,2022,"5,246.00","412,800",78.69,Low,,70.18,"32,958",,,75.9
15062022,Tanjung Jabung Timur,2022,"5,426.00","234,200",43.16,Low,,65.77,"25,606",,,77.35
15082022,Tebo,2022,"6,461.00","344,800",53.37,Low,,69.78,"19,698",,,76.25
15712022,City of Jambi,2022,175.53,"619,600",3529.88,Medium,24.23,79.58,"36,184",1,"15,968.80",78.98
15722022,City of Sungai Penuh,2022,391.50,"99,200",253.38,Low,,76.17,"8,679",,"1,829.54",74.61
16022022,Ogan Komering Ilir,2022,"19,023.47","776,690",40.83,Low,,68.02,"34,239",,,70.92
16032022,Muara Enim,2022,"6,763.91","624,019",92.26,Low,21.06,69.43,"113,577",1,"8,490.10",71.47
16042022,Lahat,2022,"4,344.87","441,174",101.54,Low,,68.4,"27,834",1,"9,840.69",72.43
16062022,Musi Banyuasin,2022,"14,265.96","633,124",44.38,Low,"6,881.99",68.6,"82,432",8,"9,414.55",71.11
16072022,Banyu Asin,2022,"11,875.00","852,576",71.80,Low,294.96,67.93,"34,443",2,"21,123.59",75.27
16092022,Ogan Komering Ulu Timur,2022,"4,369.25","656,857",150.34,Low,0.11,70.23,"17,833",2,"10,298.17",71.69
16102022,Ogan Ilir,2022,"2,382.00","422,907",177.54,Low,,67.96,"13,251",,,70.74
16112022,Empat Lawang,2022,"2,256.00","357,673",158.54,Low,,66,"5,838",,,75.74
16122022,Penukal Abab Lematang Ilir,2022,"1,840.00","200,368",108.90,Low,4.44,65.75,"8,195",1,"3,731.63",73.4
16132022,Musi Rawas Utara,2022,"6,008.55","192,369",32.02,Low,,65.74,"8,549",,,72.52
16712022,City of Palembang,2022,352.50,"1,707,996",4845.38,Medium,43.87,79.47,"179,107",1,"43,981.57",70.97
16722022,City of Prabumulih,2022,434.46,"199,047",458.15,Low,4.74,75.52,"9,208",1,"3,591.82",72.37
16732022,City of Pagar Alam,2022,633.66,"147,071",232.10,Low,,69.6,"3,256",,,74.2
16742022,City of Lubuklinggau,2022,401.50,"240,238",598.35,Low,,75.53,"7,688",,,71.99
17012022,Bengkulu Selatan,2022,"1,186.70","170,093",143.33,Low,,71.42,"6,713",,,66.6
17022022,Rejang Lebong,2022,"1,515.76","281,281",185.57,Low,,71.45,"10,993",,,70.1
17032022,Bengkulu Utara,2022,"4,424.60","302,833",68.44,Low,4.38,69.77,"12,319",1,"6,920.77",69.74
17042022,Kaur,2022,"2,556.00","129,661",50.73,Low,,67.77,"4,227",,,69.52
17062022,Mukomuko,2022,"4,147.00","196,571",47.40,Low,,69.12,"6,217",,,68.35
17072022,Lebong,2022,"1,665.28","107,248",64.40,Low,"1,214.51",68.12,"3,889",1,"2,940.98",71.05
17092022,Bengkulu Tengah,2022,"1,223.94","119,814",97.89,Low,,68.47,"6,545",,,70.73
17712022,City of Bengkulu,2022,151.70,"384,841",2536.86,Medium,0.61,80.99,"28,090",,,68.5
18012022,Lampung Barat,2022,"3,368.14","303,397",90.08,Low,0.25,68.39,"8,280",,,69.63
18022022,Tanggamus,2022,"4,654.96","652,898",140.26,Low,0.21,67.22,"18,096",1,"13,345.24",70.51
18032022,Lampung Selatan,2022,"2,219.46","1,081,115",487.11,Low,,69,"51,481",,,73.57
18042022,Lampung Timur,2022,"5,325.03","1,127,946",211.82,Low,,70.58,"49,710",,,72.25
18052022,Lampung Tengah,2022,"4,546.00","1,500,022",329.97,Low,0.01,70.8,"82,454",,,73.65
18062022,Lampung Utara,2022,"2,667.00","635,129",238.14,Low,,68.33,"27,046",,,72.04
18072022,Way Kanan,2022,"3,921.63","481,036",122.66,Low,"1,036.46",68.04,"16,153",1,"7,008.61",70.68
18082022,Tulangbawang,2022,"4,386.00","431,208",98.31,Low,,69.53,"25,983",,,68.28
18092022,Pesawaran,2022,"1,173.77","487,153",415.03,Low,15.49,66.7,"18,601",,,73.51
18102022,Pringsewu,2022,625.00,"408,415",653.46,Low,0.17,70.98,"12,842",1,"5,939.62",71.48
18112022,Mesuji,2022,"2,184.00","232,685",106.54,Low,0.00,64.94,"11,953",,,71.53
18122022,Tulang Bawang Barat,2022,"1,201.15","289,620",241.12,Low,0.10,67.13,"13,233",1,"4,178.77",70.48
18132022,Pesisir Barat,2022,"2,953.00","164,816",55.81,Low,,65.14,"5,345",,,71.37
18712022,City of Bandar Lampung,2022,197.22,"1,209,937",6134.96,Medium,6.01,78.01,"67,882",1,"28,705.76",72.95
19012022,Bangka,2022,"3,028.79","334,344",110.39,Low,9.95,72.95,"17,959",2,"4,881.42",72.79
19022022,Belitung,2022,"2,293.69","186,331",81.24,Low,41.92,73.38,"12,322",1,"2,686.46",73.67
19032022,Bangka Barat,2022,"2,884.15","209,413",72.61,Low,67.29,70.12,"16,761",,,74.58
19042022,Bangka Tengah,2022,"2,279.11","205,510",90.17,Low,462.75,71.4,"10,523",1,"3,006.11",73.49
19052022,Bangka Selatan,2022,"3,607.08","202,263",56.07,Low,100.74,67.95,"10,693",1,"2,996.69",74.32
19062022,Belitung Timur,2022,"2,506.91","130,463",52.04,Low,,72.29,"9,785",1,"1,858.52",75.91
19712022,City of Pangkal Pinang,2022,118.40,"226,297",1911.29,Low,,79.24,"17,278",,,74.08
21012022,Karimun,2022,"1,524.00","266,177",174.66,Low,11.17,72.65,"15,554",1,"6,800.82",74.29
21022022,Bintan,2022,"1,946.13","165,781",85.18,Low,0.19,74.99,"22,996",1,"2,040.99",75.82
21032022,Natuna,2022,"2,009.04","83,102",41.36,Low,0.32,73.47,"24,265",1,"1,247.51",74.18
21042022,Lingga,2022,"2,117.72","102,853",48.57,Low,,66.57,"4,853",1,"1,037.66",73.38
21052022,Kepulauan Anambas,2022,590.14,"49,632",84.10,Low,,69.61,"19,909",,481.80,75.48
21712022,City of Batam,2022,"3,868.97","1,236,010",319.47,Low,2.50,81.67,"194,836",1,"41,346.16",74.67
21722022,City of Tanjung Pinang,2022,144.56,"239,854",1659.20,Low,25.07,79.64,"21,792",1,"5,690.54",74.87
31012022,Kep. Seribu,2022,10.73,"28,262",2633.92,Medium,2.91,72.79,"10,126",,653.11,72.98
31712022,City of Jakarta Selatan,2022,144.94,"2,234,262",15415.08,High,3.21,85.21,"730,695",1,"71,330.09",74.11
31732022,City of Jakarta Pusat,2022,47.56,"1,053,482",22150.59,High,0.84,82.11,"795,395",,"31,026.85",72.06
31742022,City of Jakarta Barat,2022,125.00,"2,458,707",19669.66,High,0.02,82.51,"540,753",,"73,854.78",72.82
31752022,City of Jakarta Utara,2022,147.21,"1,799,220",12222.13,High,0.83,80.81,"587,792",,"49,948.08",73.73
32012022,Bogor,2022,"2,710.62","5,566,838",2053.71,Medium,,71.2,"267,744",,,74.49
32022022,Sukabumi,2022,"4,145.70","2,806,664",677.01,Low,,67.64,"76,244",,,74.43
32032022,Cianjur,2022,"3,840.16","2,542,793",662.16,Low,,65.94,"53,989",,,74.85
32042022,Bandung,2022,"1,767.96","3,718,660",2103.36,Medium,282.45,73.16,"143,002",1,"46,835.19",74.24
32052022,Garut,2022,"3,074.07","2,627,220",854.64,Low,0.19,67.41,"66,591",1,"40,596.96",73.51
32062022,Tasikmalaya,2022,"2,551.19","1,906,288",747.22,Low,,66.84,"42,660",1,,72.21
32082022,Kuningan,2022,"1,110.56","1,196,017",1076.95,Low,0.11,70.16,"29,520",1,"21,878.21",73.16
32092022,Cirebon,2022,984.52,"2,315,417",2351.82,Medium,,70.06,"56,654",,,74.98
32102022,Majalengka,2022,"1,204.24","1,335,460",1108.96,Low,,68.56,"37,777",,,74.72
32112022,Sumedang,2022,"1,518.33","1,167,033",768.63,Low,0.14,72.69,"40,025",,"16,159.20",74.65
32122022,Indramayu,2022,"2,040.11","1,871,832",917.52,Low,0.74,68.55,"90,773",2,"40,648.11",73.21
32132022,Subang,2022,"1,893.95","1,624,386",857.67,Low,,69.87,"46,160",,,74.30
32142022,Purwakarta,2022,825.74,"1,028,569",1245.63,Low,,71.56,"76,478",,,74.13
32152022,Karawang,2022,"1,652.20","2,505,247",1516.31,Low,,71.74,"268,229",1,"36,643.65",73.61
32162022,Bekasi,2022,"1,224.88","3,214,791",2624.58,Medium,,75.22,"367,562",1,"82,137.91",74.34
32712022,City of Bogor,2022,118.50,"1,063,513",8974.79,Medium,2.38,77.17,"52,915",1,"27,172.76",74.70
32722022,City of Sukabumi,2022,48.25,"356,410",7386.74,Medium,4.25,75.4,"14,192",1,"6,582.84",73.52
32732022,City of Bandung,2022,167.67,"2,461,553",14680.94,High,1.06,82.5,"328,151",1,"58,187.65",74.21
32742022,City of Cirebon,2022,37.36,"341,235",9133.70,Medium,1.70,75.89,"26,618",,,75.91
32752022,City of Bekasi,2022,206.61,"2,590,257",12536.94,High,0.10,82.46,"109,881",1,"66,817.90",74.82
32762022,City of Depok,2022,200.29,"2,123,349",10601.37,High,0.36,81.86,"81,167",,,74.38
32792022,City of Banjar,2022,113.49,"206,457",1819.16,Low,36.26,72.55,"4,929",1,"3,126.78",75.36
33022022,Banyumas,2022,"1,328.00","1,806,013",1359.95,Low,231.39,73.17,"62,817",1,"19,596.45",72.08
33032022,Purbalingga,2022,777.64,"1,019,840",1311.46,Low,,69.54,"28,824",1,"18,612.08",73.66
33052022,Kebumen,2022,"1,281.11","1,376,825",1074.71,Low,223.26,70.79,"32,615",2,"16,901.34",72.34
33062022,Purworejo,2022,"1,034.84","778,257",752.06,Low,0.33,73.6,"21,353",1,"10,569.42",71.99
33072022,Wonosobo,2022,984.68,"896,346",910.29,Low,,68.89,"21,587",1,"13,368.26",71.97
33082022,Magelang,2022,"1,085.73","1,312,573",1208.93,Low,0.00,70.85,"37,432",,,71.94
33092022,Boyolali,2022,"1,096.35","1,079,952",985.04,Low,0.30,74.97,"38,789",1,"10,678.13",70.75
33102022,Klaten,2022,655.56,"1,275,850",1946.20,Low,,76.95,"46,592",1,"23,470.34",71.27
33112022,Sukoharjo,2022,466.66,"916,627",1964.23,Low,,77.94,"42,781",1,"13,210.11",72.88
33122022,Wonogiri,2022,"1,941.28","1,057,087",544.53,Low,720.21,71.04,"33,692",1,"12,691.79",73.48
33132022,Karanganyar,2022,774.00,"947,642",1224.34,Low,0.59,76.58,"43,088",1,"13,706.60",73.44
33142022,Sragen,2022,941.55,"992,243",1053.84,Low,117.34,74.65,"44,243",1,"21,541.74",70.99
33152022,Grobogan,2022,"2,022.25","1,470,150",726.99,Low,0.71,70.97,"31,807",1,"31,002.18",73.04
33162022,Blora,2022,"1,820.95","888,224",487.78,Low,4.87,69.95,"30,960",2,"13,981.18",71.97
33172022,Rembang,2022,"1,014.08","650,770",641.73,Low,1.38,71,"22,107",1,"9,202.60",72.58
33182022,Pati,2022,"1,503.68","1,339,572",890.86,Low,383.58,73.14,"50,119",1,"24,622.39",72.71
33192022,Kudus,2022,425.20,"856,472",2014.28,Medium,6.30,75.89,"114,565",1,"16,357.90",69.66
33202022,Jepara,2022,"1,062.01","1,192,811",1123.16,Low,182.33,73.15,"35,011",3,"15,051.64",70.35
33212022,Demak,2022,897.43,"1,223,217",1363.02,Low,0.74,73.36,"30,252",1,"26,366.64",72.12
33222022,Semarang,2022,950.21,"1,068,492",1124.48,Low,0.00,74.67,"56,640",1,"19,342.15",72.04
33232022,Temanggung,2022,870.65,"799,764",918.58,Low,171.59,70.77,"24,726",1,"14,605.04",71.98
33242022,Kendal,2022,"1,002.23","1,033,367",1031.07,Low,0.07,73.19,"49,666",1,"14,965.29",73.12
33252022,Batang,2022,788.60,"813,791",1031.94,Low,,69.45,"25,444",1,"20,705.54",71.25
33262022,Pekalongan,2022,836.13,"986,455",1179.79,Low,0.20,70.81,"25,962",1,"14,256.96",70.96
33272022,Pemalang,2022,"1,115.00","1,500,754",1345.97,Low,150.18,67.19,"29,915",1,"21,669.45",73.06
33282022,Tegal,2022,876.10,"1,623,595",1853.21,Low,0.16,69.53,"40,770",1,"30,646.62",70.55
33292022,Brebes,2022,"1,769.62","2,010,617",1136.19,Low,1.78,67.03,"53,709",2,"36,693.76",72.65
33722022,City of Surakarta,2022,46.72,"523,008",11194.52,High,,83.08,"55,849",1,"13,734.55",71.85
33732022,City of Salatiga,2022,56.78,"195,065",3435.45,Medium,,84.35,"15,381",1,"4,166.83",73.36
33752022,City of Pekalongan,2022,45.25,"309,742",6845.13,Medium,,75.9,"12,591",,,70.84
33762022,City of Tegal,2022,39.68,"278,299",7013.58,Medium,,76.15,"17,680",1,"7,936.60",73.23
34012022,Kulon Progo,2022,586.30,"440,680",751.63,Low,0.79,75.46,"14,315",1,"6,473.07",73.34
34022022,Bantul,2022,506.85,"1,000,800",1974.55,Low,,80.69,"31,183",,,72.63
34032022,Gunung Kidul,2022,"1,485.36","749,710",504.73,Low,0.02,70.96,"22,749",1,"13,787.19",70.61
34042022,Sleman,2022,574.82,"1,145,850",1993.41,Low,,84.31,"54,702",1,"21,780.73",71.2
34712022,City of Yogyakarta,2022,32.50,"375,520",11554.46,High,2.62,87.69,"42,624",,"11,064.26",71.32
35022022,Ponorogo,2022,"1,371.78","964,253",702.92,Low,0.12,71.87,"23,028",1,"13,955.26",74.97
35042022,Tulungagung,2022,"1,055.65","1,105,337",1047.07,Low,,74.06,"44,133",1,"20,214.89",72.17
35062022,Kediri,2022,"1,386.05","1,656,020",1194.78,Low,0.01,73.46,"46,650",1,"24,008.24",71.83
35072022,Malang,2022,"3,530.65","2,685,900",760.74,Low,,71.38,"117,422",3,"35,061.41",72.11
35082022,Lumajang,2022,"1,790.90","1,137,227",635.00,Low,4.12,66.95,"36,664",1,"19,144.61",74.98
35092022,Jember,2022,"3,306.69","2,567,718",776.52,Low,0.60,67.97,"88,030",4,"37,036.24",72.48
35102022,Banyuwangi,2022,"5,782.50","1,731,731",299.48,Low,,71.94,"93,279",1,"29,707.85",72.37
35122022,Situbondo,2022,"1,638.50","691,260",421.89,Low,5.45,68.25,"23,129",1,"9,389.17",73.29
35132022,Probolinggo,2022,"1,696.17","1,159,965",683.87,Low,3.99,66.96,"38,933",1,"16,876.05",74.74
35142022,Pasuruan,2022,"1,474.02","1,619,035",1098.38,Low,,69.68,"172,654",,,71.1
35152022,Sidoarjo,2022,714.27,"2,103,401",2944.83,Medium,0.38,81.02,"245,227",,,75.08
35162022,Mojokerto,2022,692.15,"1,133,584",1637.77,Low,2.74,74.89,"95,798",2,"16,832.26",73.97
35182022,Nganjuk,2022,"1,224.33","1,117,033",912.36,Low,3.14,72.93,"30,820",3,"16,210.77",71.89
35202022,Magetan,2022,688.84,"678,343",984.76,Low,17.94,74.85,"21,195",1,"10,064.79",73.33
35222022,Bojonegoro,2022,"2,307.06","1,315,125",570.04,Low,15.87,70.12,"100,493",2,"13,727.14",73.98
35242022,Lamongan,2022,"1,752.21","1,371,509",782.73,Low,0.11,74.02,"45,441",1,"8,324.09",73.48
35272022,Sampang,2022,"1,233.00","984,162",798.18,Low,1.90,63.39,"23,009",2,"16,951.13",75.63
35282022,Pamekasan,2022,792.20,"857,818",1082.83,Low,39.32,66.99,"19,263",1,"10,114.06",73.02
35292022,Sumenep,2022,"2,093.47","1,136,632",542.94,Low,2.42,67.87,"40,255",1,"13,219.79",72.3
35712022,City of Kediri,2022,63.40,"289,418",4564.66,Medium,6.80,79.59,"152,778",1,"6,518.37",74.44
35722022,City of Blitar,2022,32.58,"151,960",4664.21,Medium,11.28,79.93,"7,834",1,"2,773.27",72.5
35732022,City of Malang,2022,110.06,"846,126",7687.86,Medium,,82.71,"84,807",1,"27,914.84",73.76
35752022,City of Pasuruan,2022,35.29,"211,497",5993.11,Medium,8.69,76.54,"9,453",1,"5,329.73",74.35
35762022,City of Mojokerto,2022,20.21,"134,350",6647.70,Medium,0.05,79.32,"7,637",1,"2,442.03",73.46
35772022,City of Madiun,2022,33.23,"199,192",5994.34,Medium,2.89,82.01,"15,819",1,"4,421.98",73.32
35792022,City of Batu,2022,199.09,"216,735",1088.63,Low,201.17,77.22,"18,588",1,"4,935.95",72.36
36012022,Pandeglang,2022,"2,746.00","1,298,850",473.00,Low,,65.84,"32,077",,,68.32
36022022,Lebak,2022,"3,305.07","1,417,350",428.84,Low,5.78,64.71,"33,475",2,"21,588.52",65.11
36032022,Tangerang,2022,959.61,"3,321,650",3461.46,Medium,0.23,72.97,"160,167",1,"84,149.77",67.43
36712022,City of Tangerang,2022,164.55,"1,931,640",11738.92,High,,78.9,"182,409",1,"50,425.81",67.12
36722022,City of Cilegon,2022,162.51,"445,060",2738.66,Medium,,73.95,"120,767",1,"8,316.91",66.73
36732022,City of Serang,2022,266.74,"712,410",2670.80,Medium,,72.98,"36,724",1,"21,346.40",67.41
36742022,City of Tangerang Selatan,2022,147.19,"1,378,710",9366.87,Medium,,81.95,"96,137",1,"35,500.94",69.84
51012022,Jembrana,2022,841.80,"327,900",389.52,Low,0.41,73.58,"14,532",1,"5,947.29",73.83
51022022,Tabanan,2022,839.33,"469,300",559.14,Low,53.11,76.75,"23,681",,,74.88
51032022,Badung,2022,418.50,"549,500",1313.02,Low,129.92,82.13,"55,290",1,"11,947.46",75.02
51042022,Gianyar,2022,368.00,"524,000",1423.91,Low,0.77,78.39,"27,944",1,"19,669.85",74.97
51052022,Klungkung,2022,315.00,"214,000",679.37,Low,0.07,72.55,"9,210",3,"3,764.36",75.01
51062022,Bangli,2022,520.81,"267,100",512.85,Low,2.36,70.26,"7,338",1,"4,083.61",75.27
51082022,Buleleng,2022,"1,366.00","825,100",604.03,Low,1.41,73.45,"35,805",1,"14,328.37",75.12
51712022,City of Denpasar,2022,127.78,"726,800",5687.90,Medium,1.38,84.37,"54,634",1,"31,631.27",76.14
52012022,Lombok Barat,2022,"1,053.92","742,074",704.11,Low,,69.41,"16,562",1,"10,533.61",68.27
52032022,Lombok Timur,2022,"2,679.88","1,368,136",510.52,Low,0.08,67.59,"22,600",1,"19,620.96",69.27
52042022,Sumbawa,2022,"6,643.98","522,357",78.62,Low,0.65,68.89,"16,108",2,"9,482.04",70.17
52052022,Dompu,2022,"2,324.55","243,404",104.71,Low,,69.15,"7,826",,,70.33
52062022,Bima,2022,"4,389.00","527,664",120.22,Low,,67.57,"12,734",1,"10,110.21",69.3
52072022,Sumbawa Barat,2022,"1,742.27","150,338",86.29,Low,7.88,72.65,"31,512",,,71.22
52082022,Lombok Utara,2022,809.53,"254,145",313.94,Low,,65.7,"5,051",1,"3,744.61",70.25
52712022,City of Mataram,2022,61.30,"437,162",7131.52,Medium,,79.59,"21,182",1,"9,643.69",67.91
53012022,Sumba Barat,2022,757.41,"149,804",197.78,Low,,64.43,"2,583",,,71.58
53032022,Kupang,2022,"5,136.51","373,259",72.67,Low,,65.04,"8,483",,,69.96
53042022,Timor Tengah Selatan,2022,"3,933.15","467,732",118.92,Low,,62.73,"8,810",,,71.82
53062022,Belu,2022,"1,127.25","226,307",200.76,Low,,63.22,"5,036",,,70.67
53072022,Alor,2022,"2,928.56","218,059",74.46,Low,0.01,62.26,"3,363",,,71.85
53082022,Lembata,2022,"1,268.11","139,436",109.96,Low,,65.47,"2,017",,,73.32
53092022,Flores Timur,2022,"1,748.52","284,122",162.49,Low,,64.93,"5,643",,,72.06
53102022,Sikka,2022,"1,671.65","330,429",197.67,Low,,66.06,"5,703",,,70.2
53112022,Ende,2022,"2,085.24","275,785",132.26,Low,,67.97,"6,793",,,70.88
53122022,Ngada,2022,"1,735.64","169,383",97.59,Low,,68.26,"3,819",,,71.51
53132022,Manggarai,2022,"1,343.83","323,054",240.40,Low,,65.83,"5,097",,,70.22
53152022,Manggarai Barat,2022,"3,129.00","265,613",84.89,Low,0.08,64.92,"3,884",1,"3,097.24",70.27
53162022,Sumba Tengah,2022,"1,789.66","88,706",49.57,Low,0.32,62.71,"1,303",,,73.3
53172022,Sumba Barat Daya,2022,"1,383.31","315,427",228.02,Low,,63.15,"4,176",,,72.74
53202022,Sabu Raijua,2022,460.96,"91,877",199.32,Low,,57.9,"1,546",,,73.93
53212022,Malaka,2022,"1,109.16","188,493",169.94,Low,,61.34,"3,144",,,69.41
53712022,City of Kupang,2022,159.33,"458,253",2876.13,Medium,,80.2,"26,200",1,"8,319.26",72.57
61012022,Sambas,2022,"6,395.70","641,271",100.27,Low,0.56,67.95,"24,423",5,"11,611.20",71.39
61042022,Mempawah,2022,"2,797.88","308,804",110.37,Low,32.38,66.94,"9,956",1,"3,066.97",72.79
61052022,Sanggau,2022,"12,857.70","497,280",38.68,Low,0.25,66.91,"23,847",6,"8,984.18",73.7
61062022,Ketapang,2022,"31,588.00","584,946",18.52,Low,,67.92,"34,314",,,72.69
61072022,Sintang,2022,"21,635.00","432,206",19.98,Low,,67.86,"17,330",,,72.07
61082022,Kapuas Hulu,2022,"29,842.00","258,989",8.68,Low,,66.7,"12,187",1,"4,866.38",72.94
61092022,Sekadau,2022,"5,444.20","216,862",39.83,Low,,65.58,"7,884",,,73.48
61102022,Melawi,2022,"10,640.80","235,669",22.15,Low,0.27,66.81,"6,177",,,74.36
61112022,Kayong Utara,2022,"4,568.26","130,592",28.59,Low,,63.81,"4,981",,,72.38
61122022,Kubu Raya,2022,"6,985.20","628,558",89.98,Low,,68.91,"35,209",,,73.7
61722022,City of Singkawang,2022,504.00,"242,177",480.51,Low,,72.89,"11,922",1,"3,429.79",72.54
62042022,Barito Selatan,2022,"7,020.09","133,478",19.01,Low,,71.01,"8,132",1,"2,443.97",73.24
62052022,Barito Utara,2022,"8,300.00","158,539",19.10,Low,0.17,71.21,"14,298",1,"2,260.39",72.89
62062022,Sukamara,2022,"3,827.00","65,457",17.10,Low,,68.94,"5,460",,,72.54
62072022,Lamandau,2022,"6,414.00","100,509",15.67,Low,0.56,71.11,"7,316",,,74.66
62082022,Seruyan,2022,"16,404.00","168,262",10.26,Low,0.03,68.24,"10,809",1,"2,999.94",74.63
62092022,Katingan,2022,"20,382.53","166,820",8.18,Low,,69.74,"9,966",,,73.24
62102022,Pulang Pisau,2022,"8,997.00","136,869",15.21,Low,0.08,69.01,"6,465",1,"2,469.88",73.21
62112022,Gunung Mas,2022,"10,804.00","140,125",12.97,Low,0.00,71.4,"8,135",1,"3,705.84",75.6
62122022,Barito Timur,2022,"3,834.00","115,860",30.22,Low,0.01,72.07,"10,948",,"1,679.83",72.17
62132022,Murung Raya,2022,"23,700.16","114,831",4.85,Low,0.79,68.63,"12,999",1,"2,033.98",72.85
62712022,City of Palangka Raya,2022,"2,853.19","301,417",105.64,Low,304.75,81.16,"21,955",1,"5,544.81",73.58
63012022,Tanah Laut,2022,"3,631.35","358,090",98.61,Low,2.14,70.35,"19,022",1,"5,180.74",72.2
63022022,Kotabaru,2022,"9,442.46","326,631",34.59,Low,3.00,69.74,"33,266",1,"6,614.35",73.94
63032022,Banjar,2022,"4,668.50","570,347",122.17,Low,0.25,70.72,"21,071",1,"13,051.24",72.89
63042022,Barito Kuala,2022,"2,996.46","319,708",106.70,Low,39.25,67.37,"9,868",2,"3,517.98",75.01
63082022,Hulu Sungai Utara,2022,915.05,"233,428",255.10,Low,0.04,66.84,"5,671",1,"3,376.83",73.33
63092022,Tabalong,2022,"3,556.00","258,525",72.70,Low,10.88,73.13,"29,172",1,"3,750.78",74.08
63102022,Tanah Bumbu,2022,"4,871.39","341,137",70.03,Low,0.83,71.79,"31,610",3,"6,074.35",74.59
63112022,Balangan,2022,"1,878.30","133,789",71.23,Low,2.59,69.73,"19,848",1,"2,057.63",73.18
63722022,City of Banjar Baru,2022,371.38,"268,292",722.42,Low,65.17,79.68,"11,786",1,"6,707.97",72.67
64012022,Paser,2022,"11,603.94","286,952",24.73,Low,51.30,73.44,"76,262",1,"4,330.10",74.6
64032022,Kutai Kartanegara,2022,"27,263.10","791,855",29.04,Low,77.28,74.67,"240,393",6,"11,452.48",74.08
64042022,Kutai Timur,2022,"35,747.50","399,453",11.17,Low,,74.35,"211,101",2,"7,767.44",73.4
64052022,Berau,2022,"34,127.17","236,325",6.92,Low,20.19,75.74,"60,158",2,"4,980.19",72.74
64092022,Penajam Paser Utara,2022,"3,333.00","159,073",47.73,Low,333.56,72.55,"13,129",1,"3,503.40",73.31
64112022,Mahakam Ulu,2022,"15,315.00","27,201",1.78,Low,,68.75,"3,169",,558.46,74.67
64722022,City of Samarinda,2022,716.96,"865,911",1207.75,Low,0.05,81.43,"83,354",2,"21,434.79",73.41
65012022,Malinau,2022,"38,911.80","84,509",2.17,Low,,72.75,"17,587",,,77.97
65032022,Tana Tidung,2022,"3,504.00","26,783",7.64,Low,0.00,68.6,"8,626",1,517.79,76.67
65042022,Nunukan,2022,"13,564.00","204,762",15.10,Low,"4,565.60",67.16,"40,151",1,"1,557.68",75.95
65712022,City of Tarakan,2022,251.00,"248,182",988.77,Low,,76.68,"47,488",,,76.77
71012022,Bolaang Mongondow,2022,"3,269.30","252,648",77.28,Low,,68.95,"9,777",1,"4,571.22",75.89
71022022,Minahasa,2022,"1,128.45","350,317",310.44,Low,,76.18,"20,369",2,"6,363.28",75.9
71032022,Kepulauan Sangihe,2022,597.26,"140,165",234.68,Low,0.01,71.63,"5,223",1,"2,039.39",75.17
71042022,Kepulauan Talaud,2022,"1,012.14","95,545",94.40,Low,0.19,70.43,"2,631",,,76.2
71052022,Minahasa Selatan,2022,"1,456.69","241,680",165.91,Low,0.01,72.89,"10,527",1,"3,452.36",74.16
71062022,Minahasa Utara,2022,995.55,"229,368",230.39,Low,102.69,74.69,"17,226",1,"4,311.42",73.67
71092022,Minahasa Tenggara,2022,753.14,"118,023",156.71,Low,,71.48,"6,147",1,"1,684.10",74.89
71102022,Bolaang Mongondow Selatan,2022,"1,796.07","71,481",39.80,Low,,65.9,"2,504",1,"1,055.35",75.56
71112022,Bolaang Mongondow Timur,2022,859.97,"92,299",107.33,Low,0.08,67.21,"3,533",,"1,347.62",74.07
71712022,City of Manado,2022,162.35,"454,606",2800.16,Medium,,79.66,"43,920",1,"10,624.11",74.81
71722022,City of Bitung,2022,329.72,"229,795",696.94,Low,0.00,74.7,"20,620",1,"5,805.52",75.54
71732022,City of Tomohon,2022,169.06,"101,151",598.31,Low,8.41,77.44,"5,034",1,"1,851.04",76.32
71742022,City of Kotamobagu,2022,108.89,"125,405",1151.67,Low,18.52,73.96,"4,413",1,"3,146.38",75.14
72012022,Banggai Kepulauan,2022,"2,385.07","123,576",51.81,Low,0.04,66.08,"4,569",1,"2,192.59",75.77
72032022,Morowali,2022,"4,486.89","176,244",39.28,Low,0.75,72.55,"146,772",1,"3,064.36",76.48
72042022,Poso,2022,"7,545.93","252,650",33.48,Low,0.00,71.93,"10,891",,,75.86
72052022,Donggala,2022,"5,126.59","305,890",59.67,Low,0.62,66.25,"13,781",1,"4,423.29",75.27
72062022,Toli-Toli,2022,"3,700.37","228,641",61.79,Low,0.10,66.76,"9,697",,,76.42
72072022,Buol,2022,"3,723.58","148,246",39.81,Low,,68.72,"6,713",,,74.52
72082022,Parigi Moutong,2022,"5,805.61","446,712",76.94,Low,2.40,66.26,"20,061",1,"8,258.25",74.69
72102022,Sigi,2022,"5,225.44","266,812",51.06,Low,,69.05,"10,600",1,"4,700.84",76.83
72112022,Banggai Laut,2022,725.67,"71,345",98.32,Low,,66.22,"2,804",1,"1,354.99",74.71
72122022,Morowali Utara,2022,"8,736.01","124,006",14.19,Low,,68.97,"21,082",,"2,230.88",75.4
72712022,City of Palu,2022,395.06,"381,572",965.86,Low,9.98,82.02,"28,445",1,"7,407.37",73.57
73012022,Kepulauan Selayar,2022,"1,160.36","139,658",120.36,Low,0.25,68.35,"7,480",1,"2,014.42",71.85
73022022,Bulukumba,2022,"1,175.53","445,815",379.25,Low,36.99,70.34,"17,233",1,"6,530.46",75.59
73032022,Bantaeng,2022,390.97,"200,843",513.70,Low,0.48,69.69,"12,164",1,"2,956.24",72.45
73062022,Gowa,2022,"1,813.00","788,159",434.73,Low,,70.99,"25,612",,,72.58
73092022,Pangkajene dan Kepulauan,2022,888.91,"352,056",396.05,Low,,69.79,"30,482",1,"5,153.06",75.07
73102022,Barru,2022,"1,201.90","186,678",155.32,Low,1.13,71.53,"8,878",1,"2,781.72",72.67
73112022,Bone,2022,"4,567.36","816,013",178.66,Low,4.72,67.01,"43,641",1,"14,811.52",73.01
73122022,Soppeng,2022,"1,385.55","237,120",171.14,Low,1.78,69.7,"13,742",1,"3,439.38",72.7
73142022,Sidenreng Rappang,2022,"1,832.30","325,058",177.40,Low,0.24,72.06,"16,699",1,"4,718.63",73.84
73152022,Pinrang,2022,"1,896.58","413,966",218.27,Low,0.65,71.97,"23,765",1,"6,586.18",73.33
73162022,Enrekang,2022,"1,806.85","231,121",127.91,Low,,73.39,"9,025",1,"4,174.07",72.74
73172022,Luwu,2022,"2,902.07","374,316",128.98,Low,,71.36,"19,981",,,72.83
73182022,Tana Toraja,2022,"2,043.62","286,451",140.17,Low,,69.88,"8,757",1,"4,249.27",73.54
73222022,Luwu Utara,2022,"7,422.42","329,892",44.45,Low,"1,248.80",70.51,"16,051",,,74.43
73262022,Toraja Utara,2022,"1,289.13","268,877",208.57,Low,0.22,70.36,"11,311",1,"5,784.78",74.43
73712022,City of Makasar,2022,176.85,"1,444,879",8170.08,Medium,,83.12,"208,936",1,"36,592.43",73.25
73722022,City of Parepare,2022,89.67,"155,912",1738.73,Low,20.91,78.54,"8,697",1,"2,838.90",73.37
73732022,City of Palopo,2022,273.24,"189,841",694.78,Low,0.48,78.91,"9,768",1,"3,418.79",73.58
74022022,Muna,2022,"1,858.10","221,370",119.14,Low,0.52,69.61,"8,261",1,"3,393.76",73.44
74032022,Konawe,2022,"5,351.85","264,930",49.50,Low,,72.04,"14,270",,,75.74
74042022,Kolaka,2022,"2,958.92","243,040",82.14,Low,"3,145.80",73.98,"31,397",1,"4,402.16",73.42
74052022,Konawe Selatan,2022,"4,237.74","318,350",75.12,Low,,69.36,"14,537",,,73.86
74062022,Bombana,2022,"3,293.97","155,510",47.21,Low,,66.81,"7,780",,,75.57
74072022,Wakatobi,2022,450.46,"114,620",254.45,Low,0.16,70.85,"5,241",1,"2,945.56",74.96
74082022,Kolaka Utara,2022,"2,932.25","142,770",48.69,Low,0.04,70.39,"10,096",1,"2,034.06",75.88
74092022,Buton Utara,2022,"1,755.83","68,090",38.78,Low,,69,"3,802",,,73.75
74102022,Konawe Utara,2022,"4,219.81","70,680",16.75,Low,,71.1,"4,799",,,72.81
74112022,Kolaka Timur,2022,"3,992.53","123,980",31.05,Low,,68.73,"5,274",,,75.89
74122022,Konawe Kepulauan,2022,705.71,"38,310",54.29,Low,,66.69,"1,579",,,74.85
74132022,Muna Barat,2022,818.70,"87,590",106.99,Low,,66.21,"3,070",,,74.17
74142022,Buton Tengah,2022,836.96,"117,630",140.54,Low,,65.29,"2,794",,,75.7
74152022,Buton Selatan,2022,517.63,"97,950",189.23,Low,,65.44,"3,314",1,802.67,76.89
74722022,City of Baubau,2022,294.14,"163,720",556.61,Low,0.27,76.67,"10,711",1,"2,992.33",74.41
75012022,Boalemo,2022,"1,830.87","148,526",81.12,Low,0.47,67.27,"6,112",,,77.43
75022022,Gorontalo,2022,"2,160.36","398,801",184.60,Low,0.99,68.28,"14,889",1,"5,776.27",76.51
75032022,Pohuwato,2022,"4,370.36","149,297",34.16,Low,0.94,66.53,"7,534",1,"2,156.26",74.25
75042022,Bone Bolango,2022,"1,889.00","166,200",87.98,Low,0.22,70.9,"5,279",1,"1,819.89",75.67
75052022,Gorontalo Utara,2022,"1,703.63","128,563",75.46,Low,0.58,66.01,"3,854",,,73.22
75712022,City of Gorontalo,2022,70.93,"201,350",2838.71,Medium,0.04,78.22,"9,757",1,"5,164.65",72.8
76012022,Majene,2022,947.84,"177,390",187.15,Low,,67.84,"5,537",1,"2,589.89",74.16
76022022,Polewali Mandar,2022,"2,074.76","490,493",236.41,Low,33.00,64.79,"14,843",,,75.16
76032022,Mamasa,2022,"3,005.88","166,471",55.38,Low,,67.21,"3,288",,,73.49
76042022,Mamuju,2022,"4,979.89","285,616",57.35,Low,,68.88,"13,378",1,,74.57
76052022,Mamuju Utara,2022,"3,043.75","198,608",65.25,Low,0.00,68.61,"13,185",,,73.35
76062022,Mamuju Tengah,2022,"3,014.37","140,028",46.45,Low,,66.89,"3,814",1,"2,005.75",75.91
81012022,Maluku Tenggara Barat,2022,"10,102.92","124,787",12.35,Low,,63.45,"3,153",,,76.76
81022022,Maluku Tenggara,2022,"4,676.00","124,199",26.56,Low,,66.88,"3,785",,,77.98
81032022,Maluku Tengah,2022,"2,759.07","427,050",154.78,Low,0.07,71.81,"9,986",1,"6,201.06",76.56
81062022,Seram Bagian Barat,2022,"6,948.40","217,958",31.37,Low,,66.67,"3,501",,,76.8
81072022,Seram Bagian Timur,2022,"3,952.08","143,438",36.29,Low,,65.05,"3,638",,,76.86
81082022,Maluku Barat Daya,2022,"8,633.15","82,560",9.56,Low,0.04,63.07,"2,264",,,75.92
81712022,City of Ambon,2022,377.00,"348,225",923.67,Low,,81.63,"17,175",,,76.82
81722022,City of Tual,2022,352.66,"93,145",264.12,Low,,68.6,"2,909",,,76.61
82012022,Halmahera Barat,2022,"2,239.11","136,282",60.86,Low,,66.2,"2,529",,,76.92
82022022,Halmahera Tengah,2022,"2,276.90","86,379",37.94,Low,,66.49,"21,302",,,75.79
82042022,Halmahera Selatan,2022,"8,096.40","253,331",31.29,Low,,65.06,"14,326",,,76.54
82052022,Halmahera Utara,2022,"3,891.62","201,196",51.70,Low,0.00,68.38,"6,489",1,"5,049.70",77.13
82062022,Halmahera Timur,2022,"6,488.73","96,395",14.86,Low,,67.93,"4,184",,,75.51
82072022,Pulau Morotai,2022,"2,337.33","78,304",33.50,Low,,63.8,"1,752",,,76.15
82082022,Pulau Taliabu,2022,"2,985.75","63,231",21.18,Low,,61.64,"1,871",,,76.03
82712022,City of Ternate,2022,579.54,"201,916",348.41,Low,0.03,80.81,"12,314",,,74.89
91012022,Fakfak,2022,"14,320.00","89,319",6.24,Low,,69.12,"5,591",,,74.54
91022022,Kaimana,2022,"18,500.00","65,061",3.52,Low,,66.11,"2,741",1,929.04,76.5
91032022,Teluk Wondama,2022,"14,953.80","45,030",3.01,Low,,60.87,"1,663",1,669.72,72.97
91042022,Teluk Bintuni,2022,"18,658.00","80,884",4.34,Low,,65.27,"34,935",,,75.56
91052022,Manokwari,2022,"14,250.94","200,785",14.09,Low,,72.6,"10,282",1,"5,962.78",76.76
91072022,Sorong,2022,"13,075.28","124,195",9.50,Low,,66.69,"11,572",1,"1,816.27",76.74
91082022,Raja Ampat,2022,"67,379,600","66,793",0.00,Low,,64.65,"4,066",,,74.33
91092022,Tambrauw,2022,"11,529.18","32,617",2.83,Low,,54.63,256,,,77.59
91112022,Manokwari Selatan,2022,"2,812.44","37,423",13.31,Low,,60.68,887,,,74.64
91712022,City of Sorong,2022,"1,105.00","282,802",255.93,Low,,78.98,"16,174",,,74.66
94022022,Jayawijaya,2022,"7,030.66","273,503",38.90,Low,,59.6,"9,166",,,69.56
94032022,Jayapura,2022,"17,514.00","200,224",11.43,Low,0.03,72.67,"18,279",1,"3,136.03",71.78
94092022,Biak Numfor,2022,"2,602.00","146,346",56.24,Low,681.00,72.85,"5,865",1,"2,143.46",69.81
94102022,Paniai,2022,"6,526.25","122,124",18.71,Low,,57.14,"4,705",,,72.79
94122022,Mimika,2022,"21,693.51","312,255",14.39,Low,,75.08,"110,425",1,"5,774.21",70.93
94132022,Boven Digoel,2022,"27,108.29","65,310",2.41,Low,,62.52,"5,078",1,951.82,69.96
94142022,Mappi,2022,"23,824.00","108,232",4.54,Low,,59.61,"3,351",,,71.14
94152022,Asmat,2022,"23,746.00","108,912",4.59,Low,,52.22,"2,881",,"1,657.45",71.44
94162022,Yahukimo,2022,"17,512.00","355,021",20.27,Low,,50.25,"2,694",,,71.74
94172022,Pegunungan Bintang,2022,"15,683.00","112,251",7.16,Low,,47.21,"2,203",,,71.92
94182022,Tolikara,2022,"14,263.00","251,117",17.61,Low,,50.51,"1,817",,,70.85
94192022,Sarmi,2022,"18,034.00","41,821",2.32,Low,,64.86,"3,316",1,611.00,72.63
94262022,Waropen,2022,"22,004.87","36,974",1.68,Low,,65.67,"2,311",,528.52,67.67
94272022,Supiori,2022,634.24,"25,015",39.44,Low,,63.65,"1,139",,,71.78
94282022,Mamberamo Raya,2022,"23,813.91","38,735",1.63,Low,,53.1,"1,973",,,71.56
94292022,Nduga,2022,"12,941.00","110,676",8.55,Low,,34.1,"1,413",,,71.65
94312022,Mamberamo Tengah,2022,"3,743.64","48,735",13.02,Low,,49.25,"1,287",,,70.23
94322022,Yalimo,2022,"4,330.29","104,066",24.03,Low,,49.9,"1,440",,,70.52
94332022,Puncak,2022,"8,055.00","176,561",21.92,Low,,43.87,"1,613",,,71.64
94342022,Dogiyai,2022,"4,237.40","115,380",27.23,Low,,55.72,"1,445",,,70.72
94352022,Intan Jaya,2022,"3,922.02","136,365",34.77,Low,,49.25,"1,359",,,70.71
94712022,City of Jayapura,2022,940.00,"368,578",392.10,Low,6.93,80.61,"35,365",1,"7,952.83",70.69
11022023,Aceh Singkil,2023,"1,857.88","135,435",72.90,Low,,70.14,"3,203",1,"1,909.49",75.53
11032023,Aceh Selatan,2023,"4,173.82","236,933",56.77,Low,,68.44,"7,034",1,"3,532.35",76.31
11042023,Aceh Tenggara,2023,"4,242.04","231,331",54.53,Low,2.20,71.05,"6,258",1,"4,166.62",73.98
11062023,Aceh Tengah,2023,"4,527.53","227,168",50.17,Low,0.96,74.6,"9,843",,,75.38
11072023,Aceh Barat,2023,"2,927.95","204,475",69.84,Low,0.17,72.88,"13,572",1,"3,681.37",75.86
11082023,Aceh Besar,2023,"2,903.50","435,298",149.92,Low,,74.53,"16,978",2,"5,405.33",76.70
11092023,Pidie,2023,"3,184.46","444,898",139.71,Low,0.42,71.66,"13,490",,,76.01
11102023,Bireuen,2023,"1,781.34","458,978",257.66,Low,0.00,73.63,"17,028",,,76.03
11112023,Aceh Utara,2023,"3,296.86","627,543",190.35,Low,,70.87,"28,472",,,75.32
11132023,Gayo Lues,2023,"5,365.98","104,856",19.54,Low,,68.93,"3,336",1,"1,506.85",74.70
11142023,Aceh Tamiang,2023,"1,957.02","308,102",157.43,Low,,71.35,"10,729",1,"4,456.17",73.63
11162023,Aceh Jaya,2023,"3,727.00","99,717",26.76,Low,0.82,70.88,"3,374",2,"1,752.51",73.68
11172023,Bener Meriah,2023,"1,145.00","175,781",153.52,Low,0.00,74.49,"6,016",1,"2,468.57",74.03
11182023,Pidie Jaya,2023,952.11,"163,591",171.82,Low,10.00,74.8,"4,349",,,74.24
11722023,City of Sabang,2023,122.13,"43,527",356.40,Low,0.00,77.52,"1,747",1,630.84,72.70
11742023,City of Lhokseumawe,2023,181.06,"196,067",1082.88,Low,0.05,78.92,"11,170",,,75.08
11752023,City of Subulussalam,2023,"1,391.00","103,044",74.08,Low,0.20,67.1,"2,560",1,"2,083.11",76.17
12012023,Nias,2023,853.44,"153,658",180.05,Low,,64.56,"4,858",,,73.43
12032023,Tapanuli Selatan,2023,"4,355.35","312,540",71.76,Low,,71.55,"18,875",,,72.28
12042023,Tapanuli Tengah,2023,"2,194.98","386,895",176.26,Low,,70.91,"12,632",,,72.74
12052023,Tapanuli Utara,2023,"3,793.71","323,102",85.17,Low,,74.65,"10,490",,,73.96
12062023,Toba Samosir,2023,"2,022.00","213,850",105.76,Low,,76.38,"9,656",2,"3,506.72",74.15
12072023,Labuhan Batu,2023,"2,561.38","513,826",200.61,Low,,73.69,"45,763",,,75.47
12082023,Asahan,2023,"3,732.97","802,563",214.99,Low,0.68,71.56,"51,282",,,73.95
12092023,Simalungun,2023,"4,372.50","1,035,920",236.92,Low,,74.29,"52,239",1,"18,644.47",73.02
12112023,Karo,2023,"2,127.25","420,799",197.81,Low,,75.98,"26,409",,,73.46
12122023,Deli Serdang,2023,"2,498.00","2,018,164",807.91,Low,423.33,76.52,"139,098",,,73.12
12132023,Langkat,2023,"6,273.29","1,066,711",170.04,Low,,72.21,"56,191",,,71.43
12142023,Nias Selatan,2023,"2,487.99","382,539",153.75,Low,,64.12,"8,575",,,73.40
12152023,Humbang Hasundutan,2023,"2,297.20","204,700",89.11,Low,,70.75,"7,655",,,74.30
12162023,Pakpak Bharat,2023,"1,218.00","55,172",45.30,Low,,69.58,"1,560",,,73.69
12172023,Samosir,2023,"1,444.25","141,333",97.86,Low,,72.08,"5,656",,,73.63
12192023,Batu Bara,2023,904.96,"430,533",475.75,Low,0.00,70.31,"43,775",,,73.35
12202023,Padang Lawas Utara,2023,"3,945.56","275,448",69.81,Low,,71.63,"15,822",,,72.59
12212023,Padang Lawas,2023,"3,892.74","275,648",70.81,Low,,70.34,"16,127",,,71.51
12222023,Labuhan Batu Selatan,2023,"3,596.00","330,797",91.99,Low,,72.82,"37,584",,,73.29
12232023,Labuhan Batu Utara,2023,"3,545.80","401,863",113.33,Low,,73.63,"33,271",,,73.57
12242023,Nias Utara,2023,"1,242.00","155,873",125.50,Low,,64.64,"4,478",,,72.66
12712023,City of Sibolga,2023,10.77,"91,265",8474.00,Medium,0.00,75.2,"6,821",1,,73.62
12732023,City of Pematang Siantar,2023,79.97,"274,838",3436.76,Medium,0.71,80.46,"16,228",1,"5,866.46",72.76
12742023,City of Tebing Tinggi,2023,38.96,"178,914",4592.25,Medium,4.71,76.98,"7,428",,,73.59
12752023,City of Medan,2023,265.10,"2,474,166",9332.95,Medium,54.79,82.19,"303,312",,,73.55
12762023,City of Binjai,2023,90.45,"303,272",3352.92,Medium,,77.6,"14,460",,,73.26
12772023,City of Padangsidimpuan,2023,159.30,"236,217",1482.84,Low,,76.44,"7,929",,,73.44
12782023,City of Gunungsitoli,2023,469.40,"142,890",304.41,Low,,70.68,"6,924",,,72.73
13012023,Kepulauan Mentawai,2023,"6,033.76","90,406",14.98,Low,,63.13,"5,915",,,73.35
13022023,Pesisir Selatan,2023,"1,938.79","523,402",269.96,Low,600.20,71.44,"18,026",1,"5,655.87",73.87
13032023,Solok,2023,"3,738.00","401,371",107.38,Low,0.78,70.63,"17,316",1,"5,923.40",74.01
13052023,Tanah Datar,2023,"1,336.00","378,797",283.53,Low,130.83,73.98,"16,460",1,"4,738.26",72.40
13072023,Agam,2023,"2,232.40","547,578",245.29,Low,736.64,73.98,"26,163",1,"8,016.38",71.24
13082023,Lima Puluh Kota,2023,"3,354.00","391,054",116.59,Low,0.23,70.7,"19,604",,,72.72
13092023,Pasaman,2023,"3,947.63","311,744",78.97,Low,7.98,68.13,"11,360",1,"4,488.41",72.53
13112023,Dharmasraya,2023,"2,961.00","238,211",80.45,Low,0.02,73.04,"13,346",,,71.91
13122023,Pasaman Barat,2023,"3,887.77","448,639",115.40,Low,0.11,70.19,"19,545",,,72.12
13712023,City of Padang,2023,694.96,"924,687",1330.56,Low,142.27,83.58,"79,705",1,"23,629.66",75.02
13722023,City of Solok,2023,58.72,"77,240",1315.40,Low,11.46,79.58,"5,262",1,"2,036.41",71.58
13732023,City of Sawah Lunto,2023,273.45,"67,131",245.50,Low,0.34,74.42,"4,825",1,692.60,70.57
13742023,City of Padang Panjang,2023,23.00,"58,729",2553.43,Medium,0.05,79.26,"4,474",,,71.17
13752023,City of Bukittinggi,2023,25.24,"123,013",4873.73,Medium,1.11,81.78,"11,132",1,,69.31
13762023,City of Payakumbuh,2023,80.43,"145,468",1808.63,Low,8.53,79.97,"8,982",1,"3,404.16",72.98
13772023,City of Pariaman,2023,64.97,"98,143",1510.59,Low,,78.13,"6,435",1,,74.35
14022023,Indragiri Hulu,2023,"8,198.71","475,002",57.94,Low,,71.04,"56,482",,,73.67
14032023,Indragiri Hilir,2023,"12,614.78","663,248",52.58,Low,,67.98,"87,546",,,74.41
14042023,Pelalawan,2023,"12,614.78","422,907",33.52,Low,,73.59,"70,522",,,75.04
14052023,Siak,2023,"8,556.09","488,497",57.09,Low,1.44,74.98,"109,923",4,"6,972.23",74.45
14062023,Kampar,2023,"11,289.28","898,840",79.62,Low,,74.24,"106,929",,,73.97
14082023,Bengkalis,2023,514.00,"592,390",1152.51,Low,0.56,74.97,"168,636",4,"9,511.50",74.31
14092023,Rokan Hilir,2023,"8,881.59","669,996",75.44,Low,0.25,70.78,"94,740",,,73.31
14102023,Kepulauan Meranti,2023,"3,708.00","217,607",58.69,Low,0.01,67.28,"25,609",,,73.75
14712023,City of Pekanbaru,2023,632.30,"1,020,308",1613.65,Low,47.17,82.38,"159,961",,,74.62
14732023,City of Dumai,2023,"1,727.00","340,310",197.05,Low,0.26,75.66,"49,034",1,"6,210.66",73.67
15012023,Kerinci,2023,"3,807.00","255,100",67.01,Low,,72.54,"13,405",,,78.91
15022023,Merangin,2023,"7,679.00","368,400",47.97,Low,,70.81,"22,525",,,79.63
15032023,Sarolangun,2023,"6,174.00","302,200",48.95,Low,0.04,71.29,"21,509",,,80.80
15042023,Batang Hari,2023,"5,804.83","312,700",53.87,Low,0.24,71.02,"25,449",,,78.49
15052023,Muaro Jambi,2023,"5,246.00","418,800",79.83,Low,,71.04,"35,885",,,77.53
15062023,Tanjung Jabung Timur,2023,"5,426.00","236,700",43.62,Low,,66.65,"25,073",,,80.16
15082023,Tebo,2023,"6,461.00","350,800",54.30,Low,,70.63,"21,183",,,79.89
15092023,Bungo,2023,"4,659.00","376,400",80.79,Low,787.08,71.06,"26,235",1,"5,901.41",78.65
15712023,City of Jambi,2023,205.38,"627,800",3056.77,Medium,1.85,80.15,"40,581",,,79.69
15722023,City of Sungai Penuh,2023,391.50,"99,800",254.92,Low,,76.65,"9,475",,,79.36
16012023,Ogan Komering Ulu,2023,"4,797.00","379,130",79.03,Low,,71.01,"19,019",,,73.66
16022023,Ogan Komering Ilir,2023,"19,023.47","797,429",41.92,Low,,68.65,"37,395",,,70.83
16032023,Muara Enim,2023,"6,763.91","633,779",93.70,Low,21.04,70.24,"118,518",4,"8,497.14",75.28
16042023,Lahat,2023,"4,344.87","444,949",102.41,Low,0.86,69.1,"29,289",1,"9,805.33",72.32
16052023,Musi Rawas,2023,"6,357.09","407,694",64.13,Low,,68.26,"23,527",,,73.61
16062023,Musi Banyuasin,2023,"14,265.96","644,386",45.17,Low,"6,881.99",69.17,"85,771",8,"9,243.61",74.44
16072023,Banyu Asin,2023,"11,875.00","874,210",73.62,Low,294.96,68.65,"37,440",,,72.25
16082023,Ogan Komering Ulu Selatan,2023,"5,493.94","424,190",77.21,Low,,66.67,"11,090",,,71.83
16092023,Ogan Komering Ulu Timur,2023,"4,369.25","668,035",152.89,Low,0.11,70.96,"19,465",,,74.70
16112023,Empat Lawang,2023,"2,256.00","342,178",151.67,Low,,66.68,"6,303",,,72.06
16122023,Penukal Abab Lematang Ilir,2023,"1,840.00","202,681",110.15,Low,4.44,66.64,"8,719",,,74.62
16132023,Musi Rawas Utara,2023,"6,008.55","195,962",32.61,Low,,66.6,"9,067",,,75.24
16712023,City of Palembang,2023,352.52,"1,706,371",4840.49,Medium,43.87,80.02,"194,570",,,75.88
16732023,City of Pagar Alam,2023,633.66,"147,836",233.30,Low,287.53,70.45,"3,491",,"2,698.01",73.70
16742023,City of Lubuklinggau,2023,401.50,"242,976",605.17,Low,,76.19,"8,234",,,73.53
17022023,Rejang Lebong,2023,"1,515.76","283,689",187.16,Low,,72.31,"11,899",,,73.13
17032023,Bengkulu Utara,2023,"4,424.60","306,201",69.20,Low,4.38,70.28,"12,491",,,71.95
17052023,Seluma,2023,"4,128.00","216,977",52.56,Low,,68.27,"5,769",1,"3,901.39",72.51
17082023,Kepahiang,2023,665.00,"156,330",235.08,Low,0.00,69.6,"5,616",,,73.02
17712023,City of Bengkulu,2023,151.70,"391,045",2577.75,Medium,2.50,81.45,"30,811",,,72.66
18012023,Lampung Barat,2023,"3,368.14","303,931",90.24,Low,0.25,69.11,"9,018",,,74.30
18032023,Lampung Selatan,2023,"2,219.46","1,090,174",491.19,Low,,69.63,"55,759",,#REF!,72.49
18042023,Lampung Timur,2023,"5,325.03","1,137,434",213.60,Low,,71.21,"52,874",,,71.63
18052023,Lampung Tengah,2023,"4,559.56","1,522,426",333.90,Low,0.00,71.6,"90,078",1,"25,185.09",71.99
18062023,Lampung Utara,2023,"2,529.54","635,903",251.39,Low,,68.95,"29,261",,,71.50
18082023,Tulangbawang,2023,"4,386.00","431,623",98.41,Low,,70.02,"28,197",,,72.90
18092023,Pesawaran,2023,"1,173.77","492,474",419.57,Low,,67.67,"20,217",,,72.65
18102023,Pringsewu,2023,617.19,"409,858",664.07,Low,0.17,71.61,"14,010",1,"5,962.86",71.37
18112023,Mesuji,2023,"2,184.00","235,546",107.85,Low,,65.64,"12,949",,,71.00
18122023,Tulang Bawang Barat,2023,"1,201.15","291,437",242.63,Low,0.39,67.81,"14,390",1,"4,228.45",71.83
18132023,Pesisir Barat,2023,"2,953.00","165,937",56.19,Low,,66,"5,735",1,"2,406.31",70.63
18712023,City of Bandar Lampung,2023,197.22,"1,234,988",6261.98,Medium,6.11,78.56,"74,104",1,"28,705.83",73.31
18722023,City of Metro,2023,73.21,"172,505",2356.30,Medium,,78.36,"7,865",,,72.86
19022023,Belitung,2023,"2,293.69","189,225",82.50,Low,41.92,74.02,"13,510",1,"2,740.60",76.69
19042023,Bangka Tengah,2023,"2,279.11","203,733",89.39,Low,15.34,71.71,"11,427",1,"3,060.45",77.52
19052023,Bangka Selatan,2023,"3,607.08","206,972",57.38,Low,,68.51,"11,372",1,"3,071.02",76.33
19062023,Belitung Timur,2023,"2,506.91","132,355",52.80,Low,,72.86,"10,562",1,"1,916.94",76.02
19712023,City of Pangkal Pinang,2023,118.40,"236,267",1995.50,Low,,79.93,"18,809",,,77.86
21012023,Karimun,2023,"1,524.00","267,762",175.70,Low,7.38,73.51,"17,017",1,"7,142.22",74.25
21022023,Bintan,2023,"1,946.13","175,873",90.37,Low,,75.7,"25,084",1,"2,040.99",76.24
21032023,Natuna,2023,"1,978.29","83,668",42.29,Low,0.08,74.21,"23,520",1,"1,272.58",76.28
21042023,Lingga,2023,"2,117.72","101,917",48.13,Low,,67.44,"5,250",,,73.58
21052023,Kepulauan Anambas,2023,590.14,"50,140",84.96,Low,,70.26,"19,241",,487.68,76.45
21712023,City of Batam,2023,"3,868.97","1,256,610",324.79,Low,2.50,82.11,"216,098",1,"42,305.41",77.70
31012023,Kep. Seribu,2023,10.73,"28,523",2658.25,Medium,2.91,73.39,"8,214",,663.43,77.89
31712023,City of Jakarta Selatan,2023,144.94,"2,235,606",15424.35,High,1.57,86.07,"792,615",1,"71,946.38",80.53
31722023,City of Jakarta Timur,2023,185.54,"3,079,618",16598.14,High,0.01,84.13,"592,230",,"85,161.36",78.18
31732023,City of Jakarta Pusat,2023,47.56,"1,049,314",22062.95,High,0.92,82.53,"860,049",,"31,124.28",79.06
31752023,City of Jakarta Utara,2023,147.21,"1,808,985",12288.47,High,0.83,81.11,"631,393",,"50,456.05",78.02
32022023,Sukabumi,2023,"4,145.70","2,851,890",687.92,Low,,68.49,"82,317",,,79.16
32032023,Cianjur,2023,"3,614.35","2,578,790",713.49,Low,0.10,66.55,"58,391",1,,76.67
32042023,Bandung,2023,"1,762.00","3,770,991",2140.18,Medium,37.33,73.74,"153,951",,,80.49
32052023,Garut,2023,"3,065.19","2,649,198",864.29,Low,0.19,68.11,"72,229",1,"40,946.54",78.14
32072023,Ciamis,2023,"1,425.00","1,257,583",882.51,Low,66.80,72.05,"39,841",2,"18,217.44",81.54
32082023,Kuningan,2023,"1,194.00","1,211,553",1014.70,Low,0.11,70.72,"32,545",1,,81.06
32092023,Cirebon,2023,"1,076.76","2,339,555",2172.77,Medium,,70.95,"61,310",,,79.57
32102023,Majalengka,2023,"1,204.24","1,351,828",1122.56,Low,372.93,69.13,"41,713",,,79.63
32112023,Sumedang,2023,"1,558.72","1,174,485",753.49,Low,,73.18,"43,327",2,"17,480.61",79.56
32122023,Indramayu,2023,"2,099.42","1,892,043",901.22,Low,6.32,69.25,"103,560",,,79.65
32132023,Subang,2023,"1,893.95","1,639,931",865.88,Low,,70.7,"49,692",,,78.94
32142023,Purwakarta,2023,825.74,"1,045,704",1266.38,Low,,72.09,"82,129",,,78.67
32152023,Karawang,2023,"1,652.20","2,541,841",1538.46,Low,,72.35,"290,916",1,"38,475.83",80.19
32162023,Bekasi,2023,"1,224.88","3,271,838",2671.15,Medium,,75.76,"393,823",1,"80,993.50",78.57
32172023,Bandung Barat,2023,"1,287.41","1,879,840",1460.17,Low,,69.61,"56,945",,,79.08
32182023,Pangandaran,2023,"1,010.00","437,094",432.77,Low,,69.38,"14,256",,,80.15
32712023,City of Bogor,2023,111.39,"1,074,522",9646.49,Medium,2.09,77.85,"57,004",1,"28,463.16",79.58
32722023,City of Sukabumi,2023,48.20,"362,018",7510.75,Medium,,76.32,"15,350",1,"6,730.83",79.59
32732023,City of Bandung,2023,167.31,"2,469,589",14760.56,High,0.00,83.04,"351,284",,,80.00
32742023,City of Cirebon,2023,37.36,"345,578",9249.95,Medium,,76.46,"28,773",,,80.66
32762023,City of Depok,2023,200.29,"2,160,905",10788.88,High,0.08,82.38,"87,569",,,81.42
32772023,City of Cimahi,2023,42.73,"578,718",13543.60,High,0.37,79.46,"40,499",,,79.90
32782023,City of Tasikmalaya,2023,183.80,"742,958",4042.21,Medium,0.29,74.47,"27,411",1,"11,795.52",80.99
32792023,City of Banjar,2023,132.00,"209,493",1587.07,Low,36.27,73.08,"5,247",1,"3,162.42",80.72
33012023,Cilacap,2023,"2,249.28","2,007,829",892.65,Low,43.33,71.83,"132,425",3,,74.31
33032023,Purbalingga,2023,777.64,"1,027,333",1321.09,Low,,70.24,"31,225",,"19,775.84",76.04
33042023,Banjarnegara,2023,"1,069.71","1,047,226",978.98,Low,0.23,69.14,"27,191",,,74.05
33052023,Kebumen,2023,"1,281.11","1,397,555",1090.89,Low,314.70,71.37,"35,764",,,76.95
33062023,Purworejo,2023,"1,034.84","788,265",761.73,Low,0.44,74.28,"23,188",1,"11,743.29",76.03
33072023,Wonosobo,2023,"1,011.62","909,664",899.22,Low,,69.37,"23,330",1,"13,281.09",74.27
33092023,Boyolali,2023,"1,096.35","1,090,129",994.33,Low,0.30,75.41,"42,736",,,76.88
33102023,Klaten,2023,701.52,"1,284,386",1830.86,Low,0.05,77.59,"51,274",1,"23,705.07",73.91
33112023,Sukoharjo,2023,466.66,"932,680",1998.63,Low,57.61,78.65,"46,521",,,75.29
33122023,Wonogiri,2023,"1,941.28","1,051,085",541.44,Low,99.04,71.97,"36,943",1,"12,799.90",76.44
33132023,Karanganyar,2023,774.00,"955,116",1234.00,Low,0.00,77.31,"47,204",,,73.19
33162023,Blora,2023,"1,820.59","901,621",495.24,Low,1.45,70.63,"31,753",2,"14,143.30",75.76
33172023,Rembang,2023,"1,014.08","660,166",651.00,Low,1.20,71.89,"24,130",1,"9,277.01",74.94
33182023,Pati,2023,"1,503.68","1,359,364",904.02,Low,381.82,73.59,"54,775",1,"25,109.26",73.85
33192023,Kudus,2023,425.20,"874,632",2056.99,Medium,0.18,76.71,"121,310",,,74.70
33212023,Demak,2023,897.43,"1,240,510",1382.29,Low,0.74,74.07,"33,017",,,76.10
33222023,Semarang,2023,950.21,"1,080,648",1137.27,Low,,75.13,"61,284",1,"19,460.19",74.57
33232023,Temanggung,2023,870.65,"808,446",928.55,Low,171.59,71.33,"26,912",1,"14,735.78",74.68
33242023,Kendal,2023,"1,002.23","1,052,826",1050.48,Low,0.07,73.86,"54,360",,,75.10
33262023,Pekalongan,2023,836.13,"1,007,384",1204.82,Low,1.13,71.4,"28,112",,,74.74
33282023,Tegal,2023,876.10,"1,654,836",1888.87,Low,,70.23,"44,440",1,"22,049.37",76.40
33292023,Brebes,2023,"1,769.62","2,043,077",1154.53,Low,1.79,67.95,"57,599",2,"36,693.76",75.87
33712023,City of Magelang,2023,18.12,"122,150",6741.17,Medium,1.87,81.17,"10,983",1,"2,940.03",74.04
33722023,City of Surakarta,2023,44.04,"526,870",11963.44,High,,83.54,"60,486",,,75.34
33742023,City of Semarang,2023,373.70,"1,694,743",4535.04,Medium,109.34,84.43,"248,903",1,"43,153.47",75.07
33752023,City of Pekalongan,2023,45.25,"317,524",7017.10,Medium,,76.71,"13,744",,,76.23
33762023,City of Tegal,2023,39.68,"282,781",7126.54,Medium,,77.02,"19,162",,,75.98
34012023,Kulon Progo,2023,586.30,"443,050",755.67,Low,0.79,75.79,"15,847",1,"8,003.39",74.29
34022023,Bantul,2023,506.85,"1,009,430",1991.58,Low,,81.39,"34,012",,,73.02
34042023,Sleman,2023,574.82,"1,157,290",2013.31,Medium,48.57,84.77,"59,432",,,75.77
34712023,City of Yogyakarta,2023,32.50,"375,700",11560.00,High,2.65,88.28,"46,193",,,73.99
35012023,Pacitan,2023,"1,390.00","596,649",429.24,Low,592.25,70.19,"19,491",1,"10,534.56",73.54
35022023,Ponorogo,2023,"1,371.78","972,582",708.99,Low,0.12,72.5,"25,248",,,75.24
35032023,Trenggalek,2023,"1,261.40","744,358",590.10,Low,,71.73,"22,740",1,"11,149.87",74.70
35042023,Tulungagung,2023,"1,055.65","1,113,973",1055.25,Low,0.80,74.61,"47,964",1,"20,402.88",72.75
35062023,Kediri,2023,"1,386.05","1,667,450",1203.02,Low,,73.96,"50,638",1,"24,177.89",72.26
35072023,Malang,2023,"3,530.65","2,703,175",765.63,Low,0.13,72.16,"128,373",3,"35,292.73",73.88
35092023,Jember,2023,"3,306.69","2,584,771",781.68,Low,,68.64,"95,290",,,71.93
35102023,Banyuwangi,2023,"5,782.50","1,744,814",301.74,Low,,72.61,"101,297",1,"30,531.29",74.15
35112023,Bondowoso,2023,"1,560.10","784,192",502.65,Low,,67.99,"24,773",,,73.58
35122023,Situbondo,2023,"1,638.50","694,081",423.61,Low,5.45,69.16,"25,225",1,"9,213.08",74.34
35142023,Pasuruan,2023,"1,474.02","1,626,029",1103.13,Low,,70.29,"186,946",,,74.31
35172023,Jombang,2023,"1,159.50","1,345,886",1160.75,Low,0.30,74.6,"49,984",1,"19,358.34",74.26
35182023,Nganjuk,2023,"1,224.33","1,124,247",918.25,Low,,73.71,"33,647",3,"16,308.68",72.65
35192023,Madiun,2023,"1,010.86","765,135",756.91,Low,458.95,72.97,"23,833",1,"10,914.80",74.43
35212023,Ngawi,2023,"1,394.74","881,393",631.94,Low,,72.47,"24,325",,,74.54
35222023,Bojonegoro,2023,"2,307.06","1,322,474",573.23,Low,,70.85,"97,522",2,"13,363.94",73.48
35242023,Lamongan,2023,"1,752.21","1,386,941",791.54,Low,0.11,74.53,"48,927",,,73.05
35252023,Gresik,2023,"1,256.76","1,344,648",1069.93,Low,121.14,77.98,"176,071",1,"14,423.83",73.86
35262023,Bangkalan,2023,"1,260.15","1,101,556",874.15,Low,0.39,65.75,"27,740",1,"15,225.90",74.07
35272023,Sampang,2023,"1,233.00","992,210",804.71,Low,1.90,64.13,"24,087",,,73.01
35282023,Pamekasan,2023,792.20,"862,009",1088.12,Low,21.61,67.96,"20,881",1,"10,115.61",73.11
35292023,Sumenep,2023,"2,093.47","1,143,295",546.12,Low,131.52,68.61,"42,848",1,"13,411.67",72.95
35712023,City of Kediri,2023,63.40,"290,836",4587.03,Medium,6.99,80.44,"159,750",1,"6,346.19",74.13
35722023,City of Blitar,2023,32.58,"153,541",4712.74,Medium,,80.63,"8,515",,,75.99
35732023,City of Malang,2023,110.06,"847,182",7697.46,Medium,0.03,83.39,"93,053",1,"28,409.54",73.56
35742023,City of Probolinggo,2023,56.67,"245,174",4326.57,Medium,5.94,75.43,"14,296",1,"3,570.56",74.34
35752023,City of Pasuruan,2023,39.00,"213,450",5473.08,Medium,,77.17,"10,400",1,"5,383.02",71.93
35762023,City of Mojokerto,2023,20.21,"135,414",6700.35,Medium,0.05,80.07,"8,039",,,73.72
35772023,City of Madiun,2023,33.23,"201,460",6062.59,Medium,2.89,82.71,"17,256",,,74.67
35782023,City of Surabaya,2023,335.28,"2,893,698",8630.69,Medium,,83.45,"715,295",1,"65,701.66",73.43
35792023,City of Batu,2023,199.09,"218,802",1099.01,Low,2.01,78.18,"20,524",1,"5,206.27",74.51
36022023,Lebak,2023,"3,305.07","1,433,700",433.79,Low,5.78,65.21,"35,571",2,"21,826.65",69.19
36032023,Tangerang,2023,959.61,"3,362,610",3504.14,Medium,,73.43,"173,303",,,70.72
36042023,Serang,2023,"1,734.28","1,682,130",969.93,Low,,68.39,"95,080",1,"42,896.28",71.19
36712023,City of Tangerang,2023,164.55,"1,950,580",11854.03,High,,79.46,"206,597",,,69.49
36722023,City of Cilegon,2023,162.51,"450,510",2772.20,Medium,26.78,74.54,"129,532",1,"10,177.28",71.22
36732023,City of Serang,2023,266.74,"723,790",2713.47,Medium,2.44,73.48,"39,838",1,"21,950.30",70.43
36742023,City of Tangerang Selatan,2023,147.19,"1,391,650",9454.79,Medium,,82.28,"104,388",1,"36,917.75",72.16
51012023,Jembrana,2023,841.80,"330,100",392.14,Low,0.85,74.04,"15,613",1,"5,976.53",76.70
51022023,Tabanan,2023,839.33,"470,900",561.04,Low,41.31,77.43,"25,531",1,"8,492.27",78.22
51032023,Badung,2023,420.10,"554,700",1320.40,Low,,83.08,"68,398",1,"19,522.25",78.69
51042023,Gianyar,2023,368.00,"527,100",1432.34,Low,0.71,79.24,"30,529",1,"19,669.85",77.60
51052023,Klungkung,2023,315.00,"214,600",681.27,Low,,73.11,"10,080",,,77.31
51062023,Bangli,2023,520.81,"268,100",514.78,Low,1.98,70.79,"7,908",1,"4,119.54",77.75
51072023,Karangasem,2023,839.50,"513,800",612.03,Low,0.11,68.91,"18,975",,,79.76
51082023,Buleleng,2023,"1,366.00","831,200",608.49,Low,1.41,73.97,"38,351",1,"15,056.25",78.03
51712023,City of Denpasar,2023,127.78,"734,200",5745.81,Medium,0.06,84.73,"60,100",1,"35,798.47",81.01
52012023,Lombok Barat,2023,"1,053.92","753,641",715.08,Low,0.00,70.15,"18,121",,,70.44
52032023,Lombok Timur,2023,"2,679.88","1,391,382",519.20,Low,,68.41,"24,578",,,72.29
52042023,Sumbawa,2023,"6,643.98","529,487",79.69,Low,0.65,69.87,"17,510",,,71.13
52052023,Dompu,2023,"2,324.55","247,188",106.34,Low,,69.98,"8,511",,,69.67
52062023,Bima,2023,"4,389.00","535,530",122.02,Low,,68.28,"13,947",,,70.36
52072023,Sumbawa Barat,2023,"1,849.02","152,948",82.72,Low,7.88,73.17,"29,642",,,72.44
52082023,Lombok Utara,2023,809.53,"257,866",318.54,Low,,66.62,"5,559",,,71.48
52712023,City of Mataram,2023,61.30,"441,147",7196.53,Medium,2.49,80.09,"22,781",1,"9,916.58",72.95
53012023,Sumba Barat,2023,757.41,"152,414",201.23,Low,,65.22,"2,786",,,70.87
53032023,Kupang,2023,"5,136.51","376,837",73.36,Low,,65.82,"9,158",,,68.74
53042023,Timor Tengah Selatan,2023,"3,933.15","474,521",120.65,Low,,63.58,"9,496",,,70.68
53052023,Timor Tengah Utara,2023,"2,623.20","271,277",103.41,Low,,65.16,"4,819",,,68.33
53072023,Alor,2023,"2,928.56","221,536",75.65,Low,0.01,62.99,"3,636",,,71.21
53082023,Lembata,2023,"1,268.11","141,391",111.50,Low,,66.12,"2,138",,,70.81
53092023,Flores Timur,2023,"1,748.52","288,310",164.89,Low,,65.79,"6,062",,,68.15
53102023,Sikka,2023,"1,671.65","335,360",200.62,Low,,66.89,"6,195",,,71.66
53122023,Ngada,2023,"1,735.64","171,736",98.95,Low,,69.14,"4,114",,,70.72
53132023,Manggarai,2023,"1,343.83","328,758",244.64,Low,,66.42,"5,502",,,71.34
53142023,Rote Ndao,2023,"1,286.45","150,521",117.00,Low,,64,"3,747",,,70.51
53152023,Manggarai Barat,2023,"3,129.00","270,917",86.58,Low,0.08,65.81,"4,255",1,,71.03
53162023,Sumba Tengah,2023,"1,789.66","90,521",50.58,Low,0.32,63.48,"1,398",,,68.82
53182023,Nagekeo,2023,"1,396.16","166,063",118.94,Low,,67.07,"2,670",,,70.83
53192023,Manggarai Timur,2023,"2,389.53","290,790",121.69,Low,,63.24,"3,938",,,70.43
53212023,Malaka,2023,"1,109.16","190,994",172.20,Low,,62.06,"3,422",,,71.70
53712023,City of Kupang,2023,159.33,"466,632",2928.71,Medium,,80.62,"28,478",,,69.30
61022023,Bengkayang,2023,"5,396.30","298,979",55.40,Low,0.03,69.53,"11,146",,,72.86
61032023,Landak,2023,"9,909.10","413,588",41.74,Low,0.16,68.14,"13,684",,,74.46
61042023,Mempawah,2023,"2,797.88","312,785",111.79,Low,,67.92,"10,714",1,"3,076.93",72.52
61052023,Sanggau,2023,"12,857.70","503,937",39.19,Low,,67.77,"24,529",6,"9,122.54",72.10
61062023,Ketapang,2023,"31,588.00","592,521",18.76,Low,,68.68,"35,249",,,74.69
61082023,Kapuas Hulu,2023,"29,842.00","262,404",8.79,Low,,67.67,"13,141",1,"4,906.33",74.57
61092023,Sekadau,2023,"5,444.20","219,724",40.36,Low,,66.33,"8,506",,,72.55
61102023,Melawi,2023,"10,640.80","239,502",22.51,Low,,67.76,"6,644",,,74.72
61112023,Kayong Utara,2023,"4,568.26","132,855",29.08,Low,,64.79,"5,376",,,72.96
61122023,Kubu Raya,2023,"6,985.20","639,250",91.51,Low,,69.6,"38,324",,,74.34
61712023,City of Pontianak,2023,107.80,"675,468",6265.94,Medium,9.03,81.03,"47,885",1,"16,128.68",74.21
61722023,City of Singkawang,2023,504.00,"246,112",488.32,Low,76.36,73.39,"12,899",1,"3,481.35",73.35
62022023,Kotawaringin Timur,2023,"16,796.00","443,359",26.40,Low,,72.21,"34,942",1,"8,685.86",76.32
62032023,Kapuas,2023,"14,999.00","425,186",28.35,Low,0.13,70.75,"23,974",1,"7,800.82",77.85
62042023,Barito Selatan,2023,"8,830.00","134,698",15.25,Low,0.11,71.65,"8,481",1,"2,443.97",77.55
62052023,Barito Utara,2023,"8,300.00","160,605",19.35,Low,0.17,71.84,"14,178",1,"2,383.35",78.14
62072023,Lamandau,2023,"6,414.00","102,103",15.92,Low,,71.81,"7,519",,,75.09
62082023,Seruyan,2023,"16,404.00","171,304",10.44,Low,0.03,68.68,"11,450",2,"3,030.81",77.44
62092023,Katingan,2023,"20,382.53","169,355",8.31,Low,,70.28,"10,756",,,78.39
62102023,Pulang Pisau,2023,"8,997.00","138,199",15.36,Low,0.08,69.6,"6,995",1,"2,486.03",77.59
62122023,Barito Timur,2023,"3,834.00","117,312",30.60,Low,,72.7,"10,905",2,"1,684.93",75.19
62132023,Murung Raya,2023,"23,700.16","116,621",4.92,Low,0.79,69.42,"12,449",1,"2,083.55",78.60
62712023,City of Palangka Raya,2023,"2,853.19","305,797",107.18,Low,304.28,81.68,"24,175",1,"5,694.51",77.89
63012023,Tanah Laut,2023,"3,631.35","364,117",100.27,Low,,70.98,"20,166",1,"5,271.24",76.08
63022023,Kotabaru,2023,"9,442.46","329,641",34.91,Low,3.02,70.18,"34,946",1,"6,708.22",73.79
63032023,Banjar,2023,"4,668.50","580,100",124.26,Low,0.14,71.46,"22,635",1,"13,233.53",74.60
63042023,Barito Kuala,2023,"2,996.46","324,502",108.30,Low,39.08,68.11,"10,567",2,"3,606.13",75.11
63052023,Tapin,2023,"2,175.00","197,893",90.99,Low,25.43,72,"13,694",1,"3,056.61",74.10
63062023,Hulu Sungai Selatan,2023,"1,804.94","237,319",131.48,Low,549.91,70.5,"9,165",,,74.92
63072023,Hulu Sungai Tengah,2023,"1,770.77","268,360",151.55,Low,199.43,70.13,"8,594",1,"3,840.69",73.64
63092023,Tabalong,2023,"3,556.00","262,631",73.86,Low,10.88,73.85,"31,015",1,"4,292.67",73.57
63102023,Tanah Bumbu,2023,"4,871.39","346,336",71.10,Low,0.83,72.31,"33,661",3,"6,273.27",74.52
63112023,Balangan,2023,"1,878.30","136,524",72.68,Low,4.54,70.49,"20,876",,,76.73
63712023,City of Banjarmasin,2023,98.46,"678,243",6888.51,Medium,1.17,78.5,"42,049",,,76.10
63722023,City of Banjar Baru,2023,305.20,"272,763",893.72,Low,65.17,80.11,"13,328",,,76.02
64012023,Paser,2023,"11,603.94","290,162",25.01,Low,51.46,74.14,"59,217",1,"4,429.99",75.33
64032023,Kutai Kartanegara,2023,"27,263.10","801,642",29.40,Low,77.22,75.3,"204,876",,,76.80
64042023,Kutai Timur,2023,"35,747.50","411,537",11.51,Low,1.31,74.98,"168,272",1,,73.91
64052023,Berau,2023,"34,127.17","240,105",7.04,Low,20.20,76.21,"51,280",3,"5,128.21",75.80
64112023,Mahakam Ulu,2023,"15,315.00","27,368",1.79,Low,,69.59,"3,409",,653.81,74.38
64712023,City of Balikpapan,2023,509.75,"648,560",1272.31,Low,197.17,81.66,"143,169",1,"19,303.84",76.83
64722023,City of Samarinda,2023,716.96,"872,304",1216.67,Low,1.93,82.32,"89,289",1,"21,880.00",75.65
64742023,City of Bontang,2023,161.88,"187,852",1160.44,Low,77.91,81.56,"68,106",1,"3,882.95",75.46
65032023,Tana Tidung,2023,"3,504.00","27,470",7.84,Low,0.02,69.2,"9,021",1,523.48,75.84
65042023,Nunukan,2023,"13,564.00","207,873",15.33,Low,"4,565.59",67.7,"42,526",,,75.52
65712023,City of Tarakan,2023,251.00,"251,085",1000.34,Low,,77.53,"52,079",,,78.38
71022023,Minahasa,2023,"1,141.64","345,973",303.05,Low,,76.96,"22,128",2,"6,392.26",77.64
71032023,Kepulauan Sangihe,2023,731.98,"137,829",188.30,Low,0.10,72.22,"5,655",,,79.23
71042023,Kepulauan Talaud,2023,"1,251.02","100,770",80.55,Low,0.17,71.14,"2,843",1,,77.45
71062023,Minahasa Utara,2023,"1,059.00","225,826",213.24,Low,149.63,75.31,"18,728",,,76.89
71072023,Bolaang Mongondow Utara,2023,"1,856.00","87,301",47.04,Low,0.00,68.64,"3,263",1,"1,234.33",77.26
71092023,Minahasa Tenggara,2023,730.62,"119,637",163.75,Low,,71.93,"6,720",1,"1,712.73",80.01
71102023,Bolaang Mongondow Selatan,2023,"3,497.46","73,046",20.89,Low,,66.4,"2,726",,,77.16
71712023,City of Manado,2023,162.35,"478,192",2945.44,Medium,,80.14,"48,556",,,79.11
71732023,City of Tomohon,2023,147.20,"101,958",692.65,Low,,78.1,"5,448",1,"1,874.71",77.54
72012023,Banggai Kepulauan,2023,"2,488.79","126,040",50.64,Low,0.04,66.82,"4,926",1,"2,220.73",77.56
72022023,Banggai,2023,"9,672.70","373,600",38.62,Low,0.00,71.7,"38,048",1,"6,683.59",75.55
72032023,Morowali,2023,"5,472.00","170,450",31.15,Low,0.67,73.02,"158,046",1,"3,216.45",78.77
72042023,Poso,2023,"7,112.25","251,654",35.38,Low,0.00,72.48,"11,712",,,76.83
72052023,Donggala,2023,"5,275.69","311,330",59.01,Low,0.62,66.95,"15,056",,,77.73
72062023,Toli-Toli,2023,"4,079.77","236,110",57.87,Low,0.10,67.66,"10,369",,,78.84
72082023,Parigi Moutong,2023,"5,883.97","454,510",77.25,Low,153.39,67.11,"21,652",1,"8,294.79",77.95
72092023,Tojo Una-Una,2023,"5,722.00","171,340",29.94,Low,,66.39,"6,812",,,75.82
72102023,Sigi,2023,"5,196.02","264,670",50.94,Low,0.01,69.93,"11,373",,,77.19
72122023,Morowali Utara,2023,"18,362.39","148,274",8.07,Low,,69.73,"26,434",,"2,658.77",77.69
72712023,City of Palu,2023,356.35,"386,560",1084.78,Low,10.09,82.52,"30,787",,,78.05
73022023,Bulukumba,2023,"1,175.53","450,325",383.08,Low,37.33,71.21,"18,871",1,"6,661.08",74.77
73032023,Bantaeng,2023,390.97,"203,141",519.58,Low,,70.57,"12,754",1,"3,037.78",75.57
73042023,Jeneponto,2023,796.00,"414,482",520.71,Low,,65.9,"12,152",,,70.59
73052023,Takalar,2023,555.43,"312,811",563.19,Low,,68.9,"12,868",,,74.84
73062023,Gowa,2023,"1,813.00","801,108",441.87,Low,,71.57,"28,453",,,76.67
73072023,Sinjai,2023,865.24,"267,536",309.20,Low,194.19,68.92,"14,791",,,75.59
73082023,Maros,2023,"1,442.95","407,923",282.70,Low,,71.63,"26,389",1,"5,996.21",74.42
73092023,Pangkajene dan Kepulauan,2023,888.91,"355,613",400.06,Low,0.93,70.59,"32,667",,,75.97
73102023,Barru,2023,"1,201.90","187,952",156.38,Low,,72.36,"9,427",1,"2,840.33",73.42
73112023,Bone,2023,"4,567.36","823,079",180.21,Low,4.72,67.81,"46,935",1,"14,877.18",74.58
73122023,Soppeng,2023,"1,385.55","238,239",171.95,Low,1.78,70.58,"14,909",1,"3,446.32",75.36
73132023,Wajo,2023,"2,608.71","386,537",148.17,Low,,71.1,"24,589",,,76.55
73142023,Sidenreng Rappang,2023,"1,832.30","327,919",178.97,Low,0.24,72.71,"18,204",1,"4,780.27",75.83
73152023,Pinrang,2023,"1,896.58","419,338",221.10,Low,0.03,72.84,"25,146",,,74.21
73172023,Luwu,2023,"2,902.07","379,295",130.70,Low,,72.16,"21,756",,,76.99
73182023,Tana Toraja,2023,"2,043.62","289,451",141.64,Low,,70.73,"9,373",1,"3,956.37",74.67
73222023,Luwu Utara,2023,"7,422.42","333,781",44.97,Low,"4,559.78",71.34,"17,841",1,"6,033.01",74.09
73252023,Luwu Timur,2023,"6,745.92","308,532",45.74,Low,21.74,74.35,"30,696",4,"4,460.61",73.96
73722023,City of Parepare,2023,89.67,"158,425",1766.76,Low,20.91,79.03,"9,312",1,"2,895.67",74.84
73732023,City of Palopo,2023,273.24,"192,763",705.47,Low,0.48,79.45,"10,500",1,"3,483.32",73.15
74012023,Buton,2023,"1,669.33","120,210",72.01,Low,,68.12,"5,063",,,76.48
74022023,Muna,2023,"1,858.10","224,690",120.92,Low,,70.16,"8,814",1,"3,435.16",75.45
74032023,Konawe,2023,"5,351.85","269,520",50.36,Low,,72.77,"18,295",,,75.28
74042023,Kolaka,2023,"2,958.92","245,930",83.11,Low,"3,145.80",74.72,"35,684",1,,75.07
74052023,Konawe Selatan,2023,"4,237.74","323,790",76.41,Low,,70.32,"16,452",,,76.31
74072023,Wakatobi,2023,450.46,"116,450",258.51,Low,,71.43,"5,768",1,"2,060.81",77.24
74082023,Kolaka Utara,2023,"2,932.25","145,640",49.67,Low,0.02,71.04,"11,227",,,76.61
74092023,Buton Utara,2023,"1,755.83","68,950",39.27,Low,0.00,69.7,"4,049",,,76.45
74102023,Konawe Utara,2023,"4,219.81","72,250",17.12,Low,,71.71,"5,260",,,75.20
74112023,Kolaka Timur,2023,"3,992.53","125,770",31.50,Low,,69.57,"5,625",,"2,065.19",76.49
74132023,Muna Barat,2023,818.70,"89,290",109.06,Low,,67.13,"3,387",,,76.88
74142023,Buton Tengah,2023,836.96,"119,460",142.73,Low,,65.83,"3,026",,,76.41
74152023,Buton Selatan,2023,517.63,"99,580",192.38,Low,,66.15,"3,593",,,75.03
74712023,City of Kendari,2023,265.79,"364,220",1370.33,Low,25.03,84.85,"28,260",1,"9,886.37",75.79
75012023,Boalemo,2023,"1,830.87","151,610",82.81,Low,,68.18,"6,587",,,77.25
75032023,Pohuwato,2023,"4,370.36","157,660",36.07,Low,0.91,67.15,"8,111",,,78.49
75042023,Bone Bolango,2023,"1,889.00","172,301",91.21,Low,0.29,71.51,"5,699",,,77.53
75052023,Gorontalo Utara,2023,"1,703.63","128,970",75.70,Low,,66.61,"4,145",,,76.10
75712023,City of Gorontalo,2023,70.93,"204,440",2882.28,Medium,,78.64,"10,536",1,"2,589.89",78.36
76012023,Majene,2023,947.84,"181,360",191.34,Low,,68.62,"5,969",1,,74.28
76032023,Mamasa,2023,"3,005.88","165,310",55.00,Low,,67.83,"3,474",,,77.44
76052023,Mamuju Utara,2023,"2,903.18","204,216",70.34,Low,0.02,69.11,"14,386",,,75.21
76062023,Mamuju Tengah,2023,"3,100.87","141,220",45.54,Low,,67.45,"4,066",,,75.80
81012023,Maluku Tenggara Barat,2023,"10,102.92","128,648",12.73,Low,,64.16,"3,393",,,78.01
81032023,Maluku Tengah,2023,"2,759.07","436,090",158.06,Low,,72.45,"10,763",,,77.67
81042023,Buru,2023,"7,594.98","140,462",18.49,Low,,70.56,"2,977",,,79.89
81052023,Kepulauan Aru,2023,"6,425.77","107,367",16.71,Low,,65.01,"4,436",,,79.96
81062023,Seram Bagian Barat,2023,"6,948.40","222,449",32.01,Low,,67.56,"3,788",,,78.33
81082023,Maluku Barat Daya,2023,"8,633.15","85,807",9.94,Low,0.04,63.93,"2,868",,,78.93
81092023,Buru Selatan,2023,"5,577.48","79,455",14.25,Low,,66.23,"1,766",,,78.15
81712023,City of Ambon,2023,377.00,"358,826",951.79,Low,,82.06,"18,531",1,"9,006.12",79.18
81722023,City of Tual,2023,352.66,"91,572",259.66,Low,,69.43,"3,202",,,78.05
82032023,Kepulauan Sula,2023,"3,304.32","105,095",31.81,Low,,65.29,"3,045",,,78.93
82042023,Halmahera Selatan,2023,"8,096.40","255,384",31.54,Low,0.00,65.83,"17,727",,,80.65
82062023,Halmahera Timur,2023,"6,488.73","97,895",15.09,Low,,68.82,"5,241",,,78.97
82082023,Pulau Taliabu,2023,"2,985.75","63,897",21.40,Low,,62.31,"1,937",,,79.33
82712023,City of Ternate,2023,162.20,"202,871",1250.75,Low,0.03,81.35,"13,675",,,81.81
82722023,City of Tidore Kepulauan,2023,"1,703.32","116,623",68.47,Low,,72.4,"3,511",,,79.50
91012023,Fakfak,2023,"14,320.00","90,286",6.30,Low,0.00,69.72,"5,811",,,76.02
91022023,Kaimana,2023,"18,500.00","65,530",3.54,Low,,66.72,"2,914",,,75.75
91032023,Teluk Wondama,2023,"14,953.80","45,324",3.03,Low,,61.67,"1,753",,,74.31
91052023,Manokwari,2023,"14,250.94","201,730",14.16,Low,,73.21,"10,789",1,"6,584.93",72.68
91072023,Sorong,2023,"13,075.28","125,217",9.58,Low,,67.49,"12,028",,,73.44
91092023,Tambrauw,2023,"11,529.18","32,892",2.85,Low,,55.55,273,,,73.61
91102023,Maybrat,2023,"5,461.69","45,064",8.25,Low,,61.29,812,,,73.65
91112023,Manokwari Selatan,2023,"2,812.44","37,674",13.40,Low,,61.55,927,1,,72.87
91122023,Pegunungan Arfak,2023,"2,773.74","40,117",14.46,Low,,57.82,320,,,76.17
91712023,City of Sorong,2023,"1,105.00","283,366",256.44,Low,,79.65,"16,829",,,74.58
94012023,Merauke,2023,"46,791.63","240,609",5.14,Low,,72.19,"18,951",1,,69.85
94022023,Jayawijaya,2023,"7,030.66","273,819",38.95,Low,,60.5,"10,155",,,70.43
94032023,Jayapura,2023,"17,514.00","201,004",11.48,Low,,73.5,"19,122",,,69.59
94042023,Nabire,2023,"3,922.02","174,427",44.47,Low,0.00,70.84,"13,562",,,71.86
94102023,Paniai,2023,"6,526.25","123,360",18.90,Low,,57.91,"5,014",,,69.59
94112023,Puncak Jaya,2023,"6,477.65","219,497",33.89,Low,,50.81,"1,509",,,70.45
94132023,Boven Digoel,2023,"27,108.29","67,167",2.48,Low,,63.46,"5,341",1,951.82,71.76
94152023,Asmat,2023,"23,746.00","109,862",4.63,Low,,53.19,"3,145",,"1,696.52",70.80
94162023,Yahukimo,2023,"17,512.00","355,315",20.29,Low,,51.19,"2,900",,,70.22
94172023,Pegunungan Bintang,2023,"15,683.00","113,347",7.23,Low,,48.18,"2,369",,,70.31
94182023,Tolikara,2023,"14,263.00","251,413",17.63,Low,,51.48,"2,008",,,69.99
94192023,Sarmi,2023,"18,034.00","42,321",2.35,Low,,65.8,"3,558",,,68.86
94262023,Waropen,2023,"22,004.87","37,285",1.69,Low,20.00,66.46,"2,304",,,70.00
94282023,Mamberamo Raya,2023,"23,813.91","39,083",1.64,Low,,54.08,"2,143",,,70.36
94292023,Nduga,2023,"12,941.00","111,063",8.58,Low,,35.19,"1,512",,,70.30
94302023,Lanny Jaya,2023,"2,248.00","202,988",90.30,Low,,50.56,"2,325",,,69.07
94312023,Mamberamo Tengah,2023,"3,743.64","49,131",13.12,Low,,50.22,"1,408",,,71.41
94322023,Yalimo,2023,"4,330.29","104,416",24.11,Low,,50.87,"1,559",,,71.10
94352023,Intan Jaya,2023,"3,922.02","136,756",34.87,Low,,50.19,"1,405",,,71.29
94712023,City of Jayapura,2023,940.00,"403,859",429.64,Low,6.85,81.14,"37,797",1,"8,828.28",72.31